<?xml version="1.0" encoding="utf-8"?>
<?xml-stylesheet type='text/xsl' href='_MigrationReport_Files\ReportOutput.xslt'?>
<Report xmlns:xsi="http://www.w3.org/2001/XMLSchema-instance" xmlns:xsd="http://www.w3.org/2001/XMLSchema" Version="1.1.0">
  <Type>PostMigration</Type>
  <Converter>VSSConverter</Converter>
  <RunBy>USAC\usfetfssetup</RunBy>
  <SourceSystem>VSS</SourceSystem>
  <TargetSystem>VersionControl</TargetSystem>
  <Title>Migration Report</Title>
  <UserInput UsingUI="false">
    <CommandLine />
    <Options>
      <Option>Command  - Migrate</Option>
      <Option>Migration type - Full history migration</Option>
      <Option>Visual SourceSafe Database - D:\_tfs_data\dencas\srcsafe.ini</Option>
      <Option>Settings file - D:\_tfs_data\dencas\migrate\settings.migrate.xml</Option>
      <Option>Destination Folder - http://tfsprod01.usac.mmm.com:8080/tfs/DefaultCollection/</Option>
      <Option>User map file - D:\_tfs_data\dencas\migrate\Usermap.xml</Option>
      <Option>Report file - D:\_tfs_data\dencas\migrate\logs\TSSD.VSS.Migrate.dencas.xml</Option>
    </Options>
  </UserInput>
  <Issues>
    <Issue IssueID="Share/Branch" Type="Info">
      <Item>$/DENCAS Web (2012)/Util/DCLookup/Properties</Item>
      <Location>Share</Location>
      <Message />
    </Issue>
  </Issues>
  <Summary>
    <TypeOfMigration>Full</TypeOfMigration>
    <SourceActionStartTime />
    <SourceActionEndTime>2/23/2016 12:12:52 PM</SourceActionEndTime>
    <StartTime>2/24/2016 8:00:30 AM</StartTime>
    <EndTime>2/24/2016 8:35:00 AM</EndTime>
    <TotalTime>00:34:30</TotalTime>
    <Status>Migration completed.</Status>
    <SourceAndDestination>
      <Repository Source="D:\_tfs_data\dencas\srcsafe.ini" Destination="http://tfsprod01.usac.mmm.com:8080/tfs/DefaultCollection/" />
      <MatchSummary PinVersion="No change was required (No fixes required. All pinned versions migrated successfully)" TipVersion="No change was required (No fixes required. All latest tip versions were migrated successfully)" />
      <Projects>
        <SourceControlConverterConverterSpecificSettingProject Source="$/DENCAS Remote (2012)" Destination="$/TSSD Secure Credentials/dencas/remote" />
        <SourceControlConverterConverterSpecificSettingProject Source="$/DENCAS Web (2012)" Destination="$/TSSD Secure Credentials/dencas/web" />
      </Projects>
    </SourceAndDestination>
  </Summary>
  <Statistics>
    <HasCriticalError>false</HasCriticalError>
    <NumberOfErrors>0</NumberOfErrors>
    <NumberOfWarnings>0</NumberOfWarnings>
    <NumberOfItems>6895</NumberOfItems>
    <StatisicsDetails>
      <NumberOfCheckouts>0</NumberOfCheckouts>
      <NumberOfActions>6233</NumberOfActions>
      <SizeOfRepository>0</SizeOfRepository>
    </StatisicsDetails>
  </Statistics>
  <Output />
</Report>