CloudIdentity,DisplayName,LocalIdentity
crhodes@mmm.com,Clayton Rhodes,
mwells2@mmm.com,Michael Wells,
eandrewtaylor@hotmail.com,Andrew Taylor,
lubluemel@mmm.com,Lori U Bluemel,
daolson@mmm.com,daolson@mmm.com,
dboyd@mmm.com,Darrin Boyd,
etaylor@mmm.com,Everett Taylor,
mshowalter@mmm.com,Madeleine Showalter,
praval@mmm.com,Pradyut Raval,
kgcupp@mmm.com,Kimberly Cupp,
jdbodamer@mmm.com,Jim Bodamer,
sdoddi@mmm.com,sdoddi@mmm.com,
rkublawi.NOCONFLICT@mmm.com,rkublawi@mmm.com,
ajaiswal@mmm.com,Anurag Jaiswal,
bobkublawi@msn.com,Robert Kublawi,
hcoats@mmm.com,Hank Coats,
pcrary@mmm.com,Peter Crary,
mcardwell@mmm.com,Matt Cardwell,
cbried@mmm.com,Clayton Bried,
douglasolson@mmm.com,Doug Olson,
jhorn2@mmm.com,John Horn,
cdmorrison@mmm.com,Chantell Morrison,
lsmith3@mmm.com,lsmith3@mmm.com,
rroberts@mmm.com,Rakesh Roberts,
bhawley@mmm.com,Barbara Hawley,
rkublawi@mmm.com,Robert Munir Kublawi,
kgrankin@mmm.com,Kevin Rankin,
dcleab@gmail.com,Danan Leab,
dbriggs@mmm.com,Dale Briggs,
araja2@mmm.com,Asad Raja,
awhipple@mmm.com,Adam Whipple,
scstelzman@mmm.com,Sharon Stelzman,
eschmidt@mmm.com,Ed Schmidt,
jfox@mmm.com,Jason Fox,
