<?xml version="1.0" encoding="utf-8"?>
<?xml-stylesheet type='text/xsl' href='_MigrationReport_Files\ReportOutput.xslt'?>
<Report xmlns:xsi="http://www.w3.org/2001/XMLSchema-instance" xmlns:xsd="http://www.w3.org/2001/XMLSchema" Version="1.1.0">
  <Type>PreMigration</Type>
  <Converter>VSSConverter</Converter>
  <RunBy>USAC\usfetfssetup</RunBy>
  <SourceSystem>VSS</SourceSystem>
  <TargetSystem>VersionControl</TargetSystem>
  <Title>Analysis Report</Title>
  <UserInput UsingUI="false">
    <CommandLine />
    <Options>
      <Option>Command  - Analyze</Option>
      <Option>Migration type - Full history migration</Option>
      <Option>Visual SourceSafe Database - D:\_tfs_data\dencas\srcsafe.ini</Option>
      <Option>Settings file - D:\_tfs_data\dencas\migrate\settings.analyze.xml</Option>
      <Option>User map file - D:\_tfs_data\dencas\migrate\Usermap.xml</Option>
      <Option>Report file - D:\_tfs_data\dencas\migrate\logs\TSSD.VSS.Analyze.dencas.xml</Option>
    </Options>
  </UserInput>
  <Issues>
    <Issue IssueID="Share/Branch" Type="Info">
      <Item>$/DENCAS Web (2012)/Util/DCLookup/Properties</Item>
      <Location>Share</Location>
      <Message />
    </Issue>
  </Issues>
  <Summary>
    <TypeOfMigration>Full</TypeOfMigration>
    <SourceActionStartTime />
    <SourceActionEndTime />
    <StartTime>2/24/2016 7:46:40 AM</StartTime>
    <EndTime>2/24/2016 7:49:24 AM</EndTime>
    <TotalTime>00:02:43</TotalTime>
    <Status>Analysis completed</Status>
    <SourceAndDestination>
      <Repository Source="D:\_tfs_data\dencas\srcsafe.ini" />
      <MatchSummary />
      <Projects>
        <SourceControlConverterConverterSpecificSettingProject Source="$/DENCAS Remote (2012)" />
        <SourceControlConverterConverterSpecificSettingProject Source="$/DENCAS Web (2012)" />
      </Projects>
    </SourceAndDestination>
  </Summary>
  <Statistics>
    <HasCriticalError>false</HasCriticalError>
    <NumberOfErrors>0</NumberOfErrors>
    <NumberOfWarnings>0</NumberOfWarnings>
    <NumberOfItems>0</NumberOfItems>
    <StatisicsDetails>
      <NumberOfCheckouts>0</NumberOfCheckouts>
      <NumberOfActions>6233</NumberOfActions>
      <SizeOfRepository>0</SizeOfRepository>
    </StatisicsDetails>
  </Statistics>
  <Output />
</Report>