﻿<?xml version="1.0" encoding="utf-8"?>
<Migration xmlns:xsi="http://www.w3.org/2001/XMLSchema-instance" xmlns:xsd="http://www.w3.org/2001/XMLSchema">
  <Providers>
    <Provider id="SVNVCProvider">
      <AssemblyQualifiedName>TimelyDevelopment.TimelyMigration.Converter.SVNToTFS.SVNProviderFactory, TimelyDevelopment.TimelyMigration.Converter.SVNToTFS, Culture=neutral</AssemblyQualifiedName>
    </Provider>
  </Providers>
  <Servers>
    <Tfs id="tfsprod01.usac.mmm.com_DefaultCollection">
      <Server>http://tfsprod01.usac.mmm.com:8080/tfs/defaultcollection</Server>
    </Tfs>
  </Servers>
  <Settings>
    <Setting name="ShowMethodDetails" value="true" />
    <Setting name="Mode" value="SourceToTfs" />
  </Settings>
  <VC>
    <Settings />
    <Sessions>
      <Session id="TSSD.PS.LPCS.2.1" provider="SVNVCProvider">
        <Settings>
          <Setting name="StartingChangeset" value="0" />
          <Setting name="EndingChangeset" value="0" />
          <Setting name="OptimizeFolderScan" value="true" />
          <Setting name="IgnoreKeywordSubstitution" value="true" />
          <Setting name="ExternalsHandler" value="Ignore" />
          <Setting name="FileDownloadTimeout" value="600" />
          <Setting name="TagFolders" value="" />
          <Setting name="IncludeTagPathInLabelName" value="false" />
          <Setting name="PrefetchChangesetCacheSize" value="250" />
          <Setting name="ConvertedChangesetCacheSize" value="250" />
          <Setting name="SkipAnalysis" value="false" />
          <Setting name="SkipMigration" value="false" />
          <Setting name="LoggingMode" value="Normal" />
          <Setting name="ConfirmCheckins" value="false" />
          <Setting name="PrefixLabels" value="" />
          <Setting name="PrefixLabelsWithSessionId" value="false" />
          <Setting name="IncludeLabels" value="" />
          <Setting name="ExcludeLabels" value="" />
          <Setting name="RenameLabels" value="" />
          <Setting name="MigrationChangeCommentModifier" value="{$(DateTime) r$(Name)} $(Comment)" />
          <Setting name="UserMappingFile" value="" />
          <Setting name="MigrationLogFile" value="" />
          <Setting name="MigrationStopChangeGroup" value="" />
          <Setting name="ItemExistsHandler" value="ChangeToEdit" />
          <Setting name="SessionContinuationWarning" value="true" />
          <Setting name="DuplicateDestinationPathWarning" value="true" />
          <Setting name="VerifyWorkspaceMappings" value="true" />
          <Setting name="DropLongPaths" value="false" />
          <Setting name="BackDateTimestamps" value="false" />
          <Setting name="ChangeToAddOnBranchSourceNotFound" value="true" />
          <Setting name="SkipFileDownloadFailures" value="true" />
          <Setting name="SkipLabelFailures" value="true" />
          <Setting name="FileDownloadRetryCount" value="3" />
          <Setting name="ScannedPaths" value="/LPC/Trunk;/LPC/Branches/Release 2.7.8;/LPC/Branches/Release 2.7.7;/LPC/Branches/Release 2.7.6;/LPC/Branches/Release 2.7.5;/LPC/Branches/Release 2.7.4;/LPC/Branches/Release 2.7.3;/LPC/Branches/Release 2.7.2;/LPC/Branches/Release 2.7.1;/LPC/Branches/Features;/LPC/Branches/Release 2.7.1_Norway;/LPC/Branches/Release 2.7.0.8257;/LPC/Branches/Dev" />
        </Settings>
        <Mappings>
          <Mapping src="/LPC/Branches/Dev" tgt="$/PublicSafety/LPCS/Dev/Dev" cloak="false" />
          <Mapping src="/LPC/Branches/Features" tgt="$/PublicSafety/LPCS/Dev/Features" cloak="false" />
          <Mapping src="/LPC/Branches/Release 2.7.0.8257" tgt="$/PublicSafety/LPCS/Release/2.7.0.8257" cloak="false" />
          <Mapping src="/LPC/Branches/Release 2.7.1" tgt="$/PublicSafety/LPCS/Release/2.7.1" cloak="false" />
          <Mapping src="/LPC/Branches/Release 2.7.1_Norway" tgt="$/PublicSafety/LPCS/Release/2.7.1_Norway" cloak="false" />
          <Mapping src="/LPC/Branches/Release 2.7.2" tgt="$/PublicSafety/LPCS/Release/2.7.2" cloak="false" />
          <Mapping src="/LPC/Branches/Release 2.7.3" tgt="$/PublicSafety/LPCS/Release/2.7.3" cloak="false" />
          <Mapping src="/LPC/Branches/Release 2.7.4" tgt="$/PublicSafety/LPCS/Release/2.7.4" cloak="false" />
          <Mapping src="/LPC/Branches/Release 2.7.5" tgt="$/PublicSafety/LPCS/Release/2.7.5" cloak="false" />
          <Mapping src="/LPC/Branches/Release 2.7.6" tgt="$/PublicSafety/LPCS/Release/2.7.6" cloak="false" />
          <Mapping src="/LPC/Branches/Release 2.7.7" tgt="$/PublicSafety/LPCS/Release/2.7.7" cloak="false" />
          <Mapping src="/LPC/Branches/Release 2.7.8" tgt="$/PublicSafety/LPCS/Release/2.7.8" cloak="false" />
          <Mapping src="/LPC/Trunk" tgt="$/PublicSafety/LPCS/Main" cloak="false" />
        </Mappings>
        <Source>
          <SVN server="SVN">
            <Server>http://us-kxwapp-01.usac.mmm.com:81/svn/PublicSafety</Server>
            <User>a4ya4zz</User>
            <Password>T@ke up your weap0n</Password>
            <WorkingDirectory>D:\SVN\Working</WorkingDirectory>
            <DownloadCacheDirectory>D:\SVN\Cache</DownloadCacheDirectory>
          </SVN>
        </Source>
        <EventSinks />
        <Tfs server="tfsprod01.usac.mmm.com_DefaultCollection">
          <Workspace>LPCS_Migration</Workspace>
          <WorkspaceRoot>D:\_tfs_data\Src</WorkspaceRoot>
        </Tfs>
      </Session>
    </Sessions>
  </VC>
  <Sql>
    <ConnectionString>Data Source=localhost;Initial Catalog=TfsMigration;Integrated Security=True;Connect Timeout=300</ConnectionString>
    <Database>TfsMigration</Database>
    <Server>localhost</Server>
  </Sql>
</Migration>