<MigrationReport>
  <Sessions>
    <Session>
      <Start>10/14/2015 3:21:08 PM</Start>
      <Settings>
        <Setting name="StartingChangeset" value="0" />
        <Setting name="EndingChangeset" value="0" />
        <Setting name="OptimizeFolderScan" value="true" />
        <Setting name="IgnoreKeywordSubstitution" value="true" />
        <Setting name="ExternalsHandler" value="Ignore" />
        <Setting name="FileDownloadTimeout" value="600" />
        <Setting name="TagFolders" value="" />
        <Setting name="IncludeTagPathInLabelName" value="false" />
        <Setting name="PrefetchChangesetCacheSize" value="250" />
        <Setting name="ConvertedChangesetCacheSize" value="250" />
        <Setting name="SkipAnalysis" value="false" />
        <Setting name="SkipMigration" value="false" />
        <Setting name="LoggingMode" value="Normal" />
        <Setting name="ConfirmCheckins" value="false" />
        <Setting name="PrefixLabels" value="" />
        <Setting name="PrefixLabelsWithSessionId" value="false" />
        <Setting name="IncludeLabels" value="" />
        <Setting name="ExcludeLabels" value="" />
        <Setting name="RenameLabels" value="" />
        <Setting name="MigrationChangeCommentModifier" value="{$(DateTime) r$(Name)} $(Comment)" />
        <Setting name="UserMappingFile" value="" />
        <Setting name="MigrationLogFile" value="" />
        <Setting name="MigrationStopChangeGroup" value="" />
        <Setting name="ItemExistsHandler" value="ChangeToEdit" />
        <Setting name="SessionContinuationWarning" value="true" />
        <Setting name="DuplicateDestinationPathWarning" value="true" />
        <Setting name="VerifyWorkspaceMappings" value="true" />
        <Setting name="DropLongPaths" value="false" />
        <Setting name="BackDateTimestamps" value="false" />
        <Setting name="ChangeToAddOnBranchSourceNotFound" value="true" />
        <Setting name="SkipFileDownloadFailures" value="true" />
        <Setting name="SkipLabelFailures" value="true" />
        <Setting name="FileDownloadRetryCount" value="3" />
        <Setting name="ScannedPaths" value="/BOSS/Trunk;/BOSS/Branches/Features;/BOSS/Branches/Dev;/BOSS/Branches/Release" />
      </Settings>
      <Mappings>
        <Mapping src="/BOSS" tgt="$/PublicSafety/BOSS" cloak="true" />
        <Mapping src="/BOSS/Branches/Dev" tgt="$/PublicSafety/BOSS/Dev/Dev" cloak="false" />
        <Mapping src="/BOSS/Branches/Features" tgt="$/PublicSafety/BOSS/Dev/Features" cloak="false" />
        <Mapping src="/BOSS/Branches/Release" tgt="$/PublicSafety/BOSS/Release" cloak="false" />
        <Mapping src="/BOSS/Trunk" tgt="$/PublicSafety/BOSS/Main" cloak="false" />
      </Mappings>
      <End>10/14/2015 3:55:45 PM</End>
    </Session>
  </Sessions>
  <Messages>
  </Messages>
</MigrationReport>