<MigrationReport>
  <Sessions>
    <Session>
      <Start>10/15/2015 9:36:29 AM</Start>
      <Settings>
        <Setting name="StartingChangeset" value="0" />
        <Setting name="EndingChangeset" value="0" />
        <Setting name="OptimizeFolderScan" value="true" />
        <Setting name="IgnoreKeywordSubstitution" value="true" />
        <Setting name="ExternalsHandler" value="Ignore" />
        <Setting name="FileDownloadTimeout" value="600" />
        <Setting name="TagFolders" value="" />
        <Setting name="IncludeTagPathInLabelName" value="false" />
        <Setting name="PrefetchChangesetCacheSize" value="250" />
        <Setting name="ConvertedChangesetCacheSize" value="250" />
        <Setting name="SkipAnalysis" value="false" />
        <Setting name="SkipMigration" value="false" />
        <Setting name="LoggingMode" value="Normal" />
        <Setting name="ConfirmCheckins" value="false" />
        <Setting name="PrefixLabels" value="" />
        <Setting name="PrefixLabelsWithSessionId" value="false" />
        <Setting name="IncludeLabels" value="" />
        <Setting name="ExcludeLabels" value="" />
        <Setting name="RenameLabels" value="" />
        <Setting name="MigrationChangeCommentModifier" value="{$(DateTime) r$(Name)} $(Comment)" />
        <Setting name="UserMappingFile" value="" />
        <Setting name="MigrationLogFile" value="" />
        <Setting name="MigrationStopChangeGroup" value="" />
        <Setting name="ItemExistsHandler" value="ChangeToEdit" />
        <Setting name="SessionContinuationWarning" value="true" />
        <Setting name="DuplicateDestinationPathWarning" value="true" />
        <Setting name="VerifyWorkspaceMappings" value="true" />
        <Setting name="DropLongPaths" value="false" />
        <Setting name="BackDateTimestamps" value="false" />
        <Setting name="ChangeToAddOnBranchSourceNotFound" value="true" />
        <Setting name="SkipFileDownloadFailures" value="true" />
        <Setting name="SkipLabelFailures" value="true" />
        <Setting name="FileDownloadRetryCount" value="3" />
        <Setting name="ScannedPaths" value="/LPC/Trunk;/LPC/Branches/Release 2.7.8;/LPC/Branches/Release 2.7.7;/LPC/Branches/Release 2.7.6;/LPC/Branches/Release 2.7.5;/LPC/Branches/Release 2.7.4;/LPC/Branches/Release 2.7.3;/LPC/Branches/Release 2.7.2;/LPC/Branches/Release 2.7.1;/LPC/Branches/Features;/LPC/Branches/Release 2.7.1_Norway;/LPC/Branches/Release 2.7.0.8257;/LPC/Branches/Dev" />
      </Settings>
      <Mappings>
        <Mapping src="/LPC" tgt="$/PublicSafety/LPCS" cloak="true" />
        <Mapping src="/LPC/Branches/Dev" tgt="$/PublicSafety/LPCS/Dev/Dev" cloak="false" />
        <Mapping src="/LPC/Branches/Features" tgt="$/PublicSafety/LPCS/Dev/Features" cloak="false" />
        <Mapping src="/LPC/Branches/Release 2.7.0.8257" tgt="$/PublicSafety/LPCS/Release/2.7.0.8257" cloak="false" />
        <Mapping src="/LPC/Branches/Release 2.7.1" tgt="$/PublicSafety/LPCS/Release/2.7.1" cloak="false" />
        <Mapping src="/LPC/Branches/Release 2.7.1_Norway" tgt="$/PublicSafety/LPCS/Release/2.7.1_Norway" cloak="false" />
        <Mapping src="/LPC/Branches/Release 2.7.2" tgt="$/PublicSafety/LPCS/Release/2.7.2" cloak="false" />
        <Mapping src="/LPC/Branches/Release 2.7.3" tgt="$/PublicSafety/LPCS/Release/2.7.3" cloak="false" />
        <Mapping src="/LPC/Branches/Release 2.7.4" tgt="$/PublicSafety/LPCS/Release/2.7.4" cloak="false" />
        <Mapping src="/LPC/Branches/Release 2.7.5" tgt="$/PublicSafety/LPCS/Release/2.7.5" cloak="false" />
        <Mapping src="/LPC/Branches/Release 2.7.6" tgt="$/PublicSafety/LPCS/Release/2.7.6" cloak="false" />
        <Mapping src="/LPC/Branches/Release 2.7.7" tgt="$/PublicSafety/LPCS/Release/2.7.7" cloak="false" />
        <Mapping src="/LPC/Branches/Release 2.7.8" tgt="$/PublicSafety/LPCS/Release/2.7.8" cloak="false" />
        <Mapping src="/LPC/Trunk" tgt="$/PublicSafety/LPCS/Main" cloak="false" />
      </Mappings>
      <End>10/15/2015 9:36:34 AM</End>
    </Session>
    <Session>
      <Start>10/15/2015 9:37:04 AM</Start>
      <Settings>
        <Setting name="StartingChangeset" value="0" />
        <Setting name="EndingChangeset" value="0" />
        <Setting name="OptimizeFolderScan" value="true" />
        <Setting name="IgnoreKeywordSubstitution" value="true" />
        <Setting name="ExternalsHandler" value="Ignore" />
        <Setting name="FileDownloadTimeout" value="600" />
        <Setting name="TagFolders" value="" />
        <Setting name="IncludeTagPathInLabelName" value="false" />
        <Setting name="PrefetchChangesetCacheSize" value="250" />
        <Setting name="ConvertedChangesetCacheSize" value="250" />
        <Setting name="SkipAnalysis" value="false" />
        <Setting name="SkipMigration" value="false" />
        <Setting name="LoggingMode" value="Normal" />
        <Setting name="ConfirmCheckins" value="false" />
        <Setting name="PrefixLabels" value="" />
        <Setting name="PrefixLabelsWithSessionId" value="false" />
        <Setting name="IncludeLabels" value="" />
        <Setting name="ExcludeLabels" value="" />
        <Setting name="RenameLabels" value="" />
        <Setting name="MigrationChangeCommentModifier" value="{$(DateTime) r$(Name)} $(Comment)" />
        <Setting name="UserMappingFile" value="" />
        <Setting name="MigrationLogFile" value="" />
        <Setting name="MigrationStopChangeGroup" value="" />
        <Setting name="ItemExistsHandler" value="ChangeToEdit" />
        <Setting name="SessionContinuationWarning" value="true" />
        <Setting name="DuplicateDestinationPathWarning" value="true" />
        <Setting name="VerifyWorkspaceMappings" value="true" />
        <Setting name="DropLongPaths" value="false" />
        <Setting name="BackDateTimestamps" value="false" />
        <Setting name="ChangeToAddOnBranchSourceNotFound" value="true" />
        <Setting name="SkipFileDownloadFailures" value="true" />
        <Setting name="SkipLabelFailures" value="true" />
        <Setting name="FileDownloadRetryCount" value="3" />
        <Setting name="ScannedPaths" value="/LPC/Trunk;/LPC/Branches/Release 2.7.8;/LPC/Branches/Release 2.7.7;/LPC/Branches/Release 2.7.6;/LPC/Branches/Release 2.7.5;/LPC/Branches/Release 2.7.4;/LPC/Branches/Release 2.7.3;/LPC/Branches/Release 2.7.2;/LPC/Branches/Release 2.7.1;/LPC/Branches/Features;/LPC/Branches/Release 2.7.1_Norway;/LPC/Branches/Release 2.7.0.8257;/LPC/Branches/Dev" />
      </Settings>
      <Mappings>
        <Mapping src="/LPC" tgt="$/PublicSafety/LPCS" cloak="true" />
        <Mapping src="/LPC/Branches/Dev" tgt="$/PublicSafety/LPCS/Dev/Dev" cloak="false" />
        <Mapping src="/LPC/Branches/Features" tgt="$/PublicSafety/LPCS/Dev/Features" cloak="false" />
        <Mapping src="/LPC/Branches/Release 2.7.0.8257" tgt="$/PublicSafety/LPCS/Release/2.7.0.8257" cloak="false" />
        <Mapping src="/LPC/Branches/Release 2.7.1" tgt="$/PublicSafety/LPCS/Release/2.7.1" cloak="false" />
        <Mapping src="/LPC/Branches/Release 2.7.1_Norway" tgt="$/PublicSafety/LPCS/Release/2.7.1_Norway" cloak="false" />
        <Mapping src="/LPC/Branches/Release 2.7.2" tgt="$/PublicSafety/LPCS/Release/2.7.2" cloak="false" />
        <Mapping src="/LPC/Branches/Release 2.7.3" tgt="$/PublicSafety/LPCS/Release/2.7.3" cloak="false" />
        <Mapping src="/LPC/Branches/Release 2.7.4" tgt="$/PublicSafety/LPCS/Release/2.7.4" cloak="false" />
        <Mapping src="/LPC/Branches/Release 2.7.5" tgt="$/PublicSafety/LPCS/Release/2.7.5" cloak="false" />
        <Mapping src="/LPC/Branches/Release 2.7.6" tgt="$/PublicSafety/LPCS/Release/2.7.6" cloak="false" />
        <Mapping src="/LPC/Branches/Release 2.7.7" tgt="$/PublicSafety/LPCS/Release/2.7.7" cloak="false" />
        <Mapping src="/LPC/Branches/Release 2.7.8" tgt="$/PublicSafety/LPCS/Release/2.7.8" cloak="false" />
        <Mapping src="/LPC/Trunk" tgt="$/PublicSafety/LPCS/Main" cloak="false" />
      </Mappings>
      <End>10/15/2015 11:02:46 AM</End>
    </Session>
  </Sessions>
  <Messages>
  </Messages>
</MigrationReport>