﻿<?xml version="1.0" encoding="utf-8" standalone="yes"?>
<UserMappings>
  <User Name="A3VJRZZ" MappedName="USAC\A3VJRZZ" OldMappedName="" Validate="False" Changed="False" />
  <User Name="A3VKAZZ" MappedName="USAC\A3VKAZZ" OldMappedName="" Validate="False" Changed="False" />
  <User Name="A3VKGZZ" MappedName="USAC\A3VKGZZ" OldMappedName="" Validate="False" Changed="False" />
  <User Name="A49PWZZ" MappedName="USAC\A49PWZZ" OldMappedName="" Validate="False" Changed="False" />
  <User Name="A4BBGZZ" MappedName="A4BBGZZ" OldMappedName="" Validate="False" Changed="False" />
  <User Name="A4CYKZZ" MappedName="USAC\A4CYKZZ" OldMappedName="" Validate="False" Changed="False" />
  <User Name="A4M8LZZ" MappedName="USAC\A4M8LZZ" OldMappedName="" Validate="False" Changed="False" />
  <User Name="A4N60ZZ" MappedName="USAC\A4N60ZZ" OldMappedName="" Validate="False" Changed="False" />
  <User Name="A4YA4ZZ" MappedName="USAC\A4YA4ZZ" OldMappedName="" Validate="False" Changed="False" />
  <User Name="VisualSVN Server" MappedName="VisualSVN Server" OldMappedName="" Validate="False" Changed="False" />
</UserMappings>