﻿<Message>
  <Time>10/14/2015 3:33:22 PM</Time>
  <Type>Error</Type>
  <Phase>Migration</Phase>
  <Entity>$/PublicSafety/BOSS/Main/Application/BOSS3/sql/Standard/Procs/dbo.RecentReads_Delete.StoredProcedure.sql</Entity>
  <Text>The branch operation for $/PublicSafety/BOSS/Main/Application/BOSS3/sql/Standard/Procs/dbo.RecentReads_Delete.StoredProcedure.sql will be changed to an add as the branch parent was not found.</Text>
</Message>
<Message>
  <Time>10/14/2015 3:33:22 PM</Time>
  <Type>Error</Type>
  <Phase>Migration</Phase>
  <Entity>$/PublicSafety/BOSS/Main/Application/BOSS3/sql/Standard/Tables/dbo.RecentReads.Table.sql</Entity>
  <Text>The branch operation for $/PublicSafety/BOSS/Main/Application/BOSS3/sql/Standard/Tables/dbo.RecentReads.Table.sql will be changed to an add as the branch parent was not found.</Text>
</Message>
<Message>
  <Time>10/14/2015 3:33:22 PM</Time>
  <Type>Error</Type>
  <Phase>Migration</Phase>
  <Entity>$/PublicSafety/BOSS/Main/Application/BOSS3/sql/Standard/Tables/Triggers/dbo.RecentReads.Triggers.sql</Entity>
  <Text>The branch operation for $/PublicSafety/BOSS/Main/Application/BOSS3/sql/Standard/Tables/Triggers/dbo.RecentReads.Triggers.sql will be changed to an add as the branch parent was not found.</Text>
</Message>