<?xml version="1.0"?>
<Configuration xmlns:xsi="http://www.w3.org/2001/XMLSchema-instance" xmlns:xsd="http://www.w3.org/2001/XMLSchema" UniqueId="9a3197d4-5e2a-4ff2-948e-3999058a52f4" FriendlyName="TFS to TFS Version Control and Work Item Tracking with Links - NJ RFS v2.0">
  <Providers>
    <Provider ReferenceName="febc091f-82a2-449e-aed8-133e5896c47a" FriendlyName="TFS 2010 Migration VC Provider" />
    <Provider ReferenceName="4cc33b2b-4b76-451f-8c2c-d86a3846d6d2" FriendlyName="TFS 11 Migration VC Provider" />
    <Provider ReferenceName="04201d39-6e47-416f-98b2-07f0013f8455" FriendlyName="TFS 2010 Migration WIT Provider" />
    <Provider ReferenceName="b84b30dd-1496-462a-bd9d-5a078a617779" FriendlyName="TFS 11 Migration WIT Provider" />
  </Providers>
  <Addins />
  <SessionGroup CreationTime="2014-11-21T13:13:41.54-06:00" FriendlyName="TFS to TFS Version Control and Work Item Tracking with Links - NJ RFS v2.0" SessionGroupGUID="0d6743da-f26f-4d07-aaff-e8d98f1f3a30" Creator="ARCHON-TECH\TFSSETUP" SyncIntervalInSeconds="0" SyncDurationInMinutes="0">
    <MigrationSources>
      <MigrationSource InternalUniqueId="c446285b-d267-4b6d-8add-5545e99a3795" FriendlyName="vm214 (VC)" ServerIdentifier="76ef4fef-558b-4c1b-96f1-d9c57c298bf9" ServerUrl="http://vm214:8080/tfs/3m mvss" SourceIdentifier="New Jersey RFS" ProviderReferenceName="febc091f-82a2-449e-aed8-133e5896c47a">
        <Settings>
          <Addins />
          <UserIdentityLookup />
          <DefaultUserIdProperty UserIdPropertyName="DisplayName" />
        </Settings>
        <CustomSettings />
        <StoredCredential />
      </MigrationSource>
      <MigrationSource InternalUniqueId="a922ca93-77b2-46b3-908f-54d2b3ab0e4c" FriendlyName="tfs13sb (VC)" ServerIdentifier="07b098ae-08ff-4c00-8695-fc355f0cdee6" ServerUrl="http://tfs13sb:8080/tfs/defaultcollection" SourceIdentifier="NJ Migration" ProviderReferenceName="4cc33b2b-4b76-451f-8c2c-d86a3846d6d2">
        <Settings>
          <Addins />
          <UserIdentityLookup />
          <DefaultUserIdProperty UserIdPropertyName="DisplayName" />
        </Settings>
        <CustomSettings />
        <StoredCredential />
      </MigrationSource>
      <MigrationSource InternalUniqueId="477c4caa-0901-4176-958c-be75d293799b" FriendlyName="vm214 (WIT)" ServerIdentifier="76ef4fef-558b-4c1b-96f1-d9c57c298bf9" ServerUrl="http://vm214:8080/tfs/3m mvss" SourceIdentifier="New Jersey RFS" ProviderReferenceName="04201d39-6e47-416f-98b2-07f0013f8455">
        <Settings>
          <Addins />
          <UserIdentityLookup />
          <DefaultUserIdProperty UserIdPropertyName="DisplayName" />
        </Settings>
        <CustomSettings />
        <StoredCredential />
      </MigrationSource>
      <MigrationSource InternalUniqueId="9affbe0f-9d89-45cd-937a-87a4b901ba56" FriendlyName="tfs13sb (WIT)" ServerIdentifier="07b098ae-08ff-4c00-8695-fc355f0cdee6" ServerUrl="http://tfs13sb:8080/tfs/defaultcollection" SourceIdentifier="NJ Migration" ProviderReferenceName="b84b30dd-1496-462a-bd9d-5a078a617779">
        <Settings>
          <Addins />
          <UserIdentityLookup />
          <DefaultUserIdProperty UserIdPropertyName="DisplayName" />
        </Settings>
        <CustomSettings />
        <StoredCredential />
      </MigrationSource>
    </MigrationSources>
    <Sessions>
      <Session CreationTime="2014-11-21T13:13:41.51-06:00" SessionUniqueId="c8be4e4a-8ac0-47cf-8f61-781b52686701" FriendlyName="Version Control Session" LeftMigrationSourceUniqueId="c446285b-d267-4b6d-8add-5545e99a3795" RightMigrationSourceUniqueId="a922ca93-77b2-46b3-908f-54d2b3ab0e4c" SessionType="VersionControl">
        <EventSinks />
        <CustomSettings>
          <SettingXml />
          <SettingXmlSchema />
        </CustomSettings>
        <Filters>
          <FilterPair Neglect="false">
            <FilterItem MigrationSourceUniqueId="c446285b-d267-4b6d-8add-5545e99a3795" FilterString="$/New Jersey RFS" />
            <FilterItem MigrationSourceUniqueId="a922ca93-77b2-46b3-908f-54d2b3ab0e4c" FilterString="$/NJ Migration" />
          </FilterPair>
        </Filters>
      </Session>
      <Session CreationTime="2014-11-21T13:13:41.523-06:00" SessionUniqueId="0c4445e3-bba5-43f3-bcd7-8a3e7ccf87a8" FriendlyName="Work Item Tracking Session" LeftMigrationSourceUniqueId="477c4caa-0901-4176-958c-be75d293799b" RightMigrationSourceUniqueId="9affbe0f-9d89-45cd-937a-87a4b901ba56" SessionType="WorkItemTracking">
        <EventSinks />
        <CustomSettings>
          <SettingXml>
            <WITSessionCustomSetting>
              <Settings />
              <WorkItemTypes>
                <WorkItemType LeftWorkItemTypeName="Requirement" RightWorkItemTypeName="Feature" fieldMap="RequirementToFeatureFieldMap" />
                <WorkItemType LeftWorkItemTypeName="Task" RightWorkItemTypeName="Task" fieldMap="TaskToTaskFieldMap" />
              </WorkItemTypes>
              <FieldMaps>
                <FieldMap name="RequirementToFeatureFieldMap">
                  <MappedFields>
                    <MappedField MapFromSide="Left" LeftName="Microsoft.VSTS.Common.ActivatedBy" RightName="Microsoft.VSTS.Common.ActivatedBy" />
                    <MappedField MapFromSide="Left" LeftName="Microsoft.VSTS.Common.ActivatedDate" RightName="Microsoft.VSTS.Common.ActivatedDate" />
                    <MappedField MapFromSide="Left" LeftName="System.AssignedTo" RightName="System.AssignedTo" />
                    <MappedField MapFromSide="Left" LeftName="System.AuthorizedAs" RightName="System.AuthorizedAs" />
                    <MappedField MapFromSide="Left" LeftName="System.ChangedBy" RightName="System.ChangedBy" />
                    <MappedField MapFromSide="Left" LeftName="System.ChangedDate" RightName="System.ChangedDate" />
                    <MappedField MapFromSide="Left" LeftName="Microsoft.VSTS.Common.ClosedBy" RightName="Microsoft.VSTS.Common.ClosedBy" />
                    <MappedField MapFromSide="Left" LeftName="Microsoft.VSTS.Common.ClosedDate" RightName="Microsoft.VSTS.Common.ClosedDate" />
                    <MappedField MapFromSide="Left" LeftName="System.CreatedBy" RightName="System.CreatedBy" />
                    <MappedField MapFromSide="Left" LeftName="System.CreatedDate" RightName="System.CreatedDate" />
                    <MappedField MapFromSide="Left" LeftName="System.Description" RightName="System.Description" />
                    <MappedField MapFromSide="Left" LeftName="System.History" RightName="System.History" />
                    <MappedField MapFromSide="Left" LeftName="System.IterationPath" RightName="System.IterationPath" />
                    <MappedField MapFromSide="Left" LeftName="System.NodeName" RightName="System.NodeName" />
                    <MappedField MapFromSide="Left" LeftName="Microsoft.VSTS.Common.Priority" RightName="Microsoft.VSTS.Common.Priority" />
                    <MappedField MapFromSide="Left" LeftName="System.Reason" RightName="System.Reason" valueMap="RequirementReasonValueMap" />
                    <MappedField MapFromSide="Left" LeftName="Microsoft.VSTS.Common.ResolvedBy" RightName="Microsoft.VSTS.Common.ResolvedBy" />
                    <MappedField MapFromSide="Left" LeftName="Microsoft.VSTS.Common.ResolvedDate" RightName="Microsoft.VSTS.Common.ResolvedDate" />
                    <MappedField MapFromSide="Left" LeftName="System.Rev" RightName="System.Rev" />
                    <MappedField MapFromSide="Left" LeftName="System.RevisedDate" RightName="System.RevisedDate" />
                    <MappedField MapFromSide="Left" LeftName="System.State" RightName="System.State" valueMap="RequirementStateValueMap" />
                    <MappedField MapFromSide="Left" LeftName="Microsoft.VSTS.Common.StateChangeDate" RightName="Microsoft.VSTS.Common.StateChangeDate" />
                    <MappedField MapFromSide="Left" LeftName="System.Title" RightName="System.Title" />
                    <MappedField MapFromSide="Left" LeftName="System.AreaPath" RightName="System.AreaPath" />
                  </MappedFields>
                </FieldMap>
                <FieldMap name="TaskToTaskFieldMap">
                  <MappedFields>
                    <MappedField MapFromSide="Left" LeftName="Microsoft.VSTS.Common.ActivatedBy" RightName="Microsoft.VSTS.Common.ActivatedBy" />
                    <MappedField MapFromSide="Left" LeftName="Microsoft.VSTS.Common.ActivatedDate" RightName="Microsoft.VSTS.Common.ActivatedDate" />
                    <MappedField MapFromSide="Left" LeftName="System.AreaId" RightName="System.AreaId" />
                    <MappedField MapFromSide="Left" LeftName="System.AreaPath" RightName="System.AreaPath" />
                    <MappedField MapFromSide="Left" LeftName="System.AssignedTo" RightName="System.AssignedTo" />
                    <MappedField MapFromSide="Left" LeftName="System.AttachedFileCount" RightName="System.AttachedFileCount" />
                    <MappedField MapFromSide="Left" LeftName="System.AuthorizedAs" RightName="System.AuthorizedAs" />
                    <MappedField MapFromSide="Left" LeftName="System.ChangedBy" RightName="System.ChangedBy" />
                    <MappedField MapFromSide="Left" LeftName="System.ChangedDate" RightName="System.ChangedDate" />
                    <MappedField MapFromSide="Left" LeftName="Microsoft.VSTS.Common.ClosedBy" RightName="Microsoft.VSTS.Common.ClosedBy" />
                    <MappedField MapFromSide="Left" LeftName="Microsoft.VSTS.Common.ClosedDate" RightName="Microsoft.VSTS.Common.ClosedDate" />
                    <MappedField MapFromSide="Left" LeftName="Microsoft.VSTS.Scheduling.CompletedWork" RightName="Microsoft.VSTS.Scheduling.CompletedWork" />
                    <MappedField MapFromSide="Left" LeftName="System.CreatedBy" RightName="System.CreatedBy" />
                    <MappedField MapFromSide="Left" LeftName="System.CreatedDate" RightName="System.CreatedDate" />
                    <MappedField MapFromSide="Left" LeftName="System.Description" RightName="System.Description" />
                    <MappedField MapFromSide="Left" LeftName="System.ExternalLinkCount" RightName="System.ExternalLinkCount" />
                    <MappedField MapFromSide="Left" LeftName="Microsoft.VSTS.Scheduling.FinishDate" RightName="Microsoft.VSTS.Scheduling.FinishDate" />
                    <MappedField MapFromSide="Left" LeftName="System.History" RightName="System.History" />
                    <MappedField MapFromSide="Left" LeftName="System.HyperLinkCount" RightName="System.HyperLinkCount" />
                    <MappedField MapFromSide="Left" LeftName="System.IterationId" RightName="System.IterationId" />
                    <MappedField MapFromSide="Left" LeftName="System.IterationPath" RightName="System.IterationPath" />
                    <MappedField MapFromSide="Left" LeftName="System.NodeName" RightName="System.NodeName" />
                    <MappedField MapFromSide="Left" LeftName="Microsoft.VSTS.Common.Priority" RightName="Microsoft.VSTS.Common.Priority" />
                    <MappedField MapFromSide="Left" LeftName="System.Reason" RightName="System.Reason" valueMap="TaskReasonValueMap" />
                    <MappedField MapFromSide="Left" LeftName="System.RelatedLinkCount" RightName="System.RelatedLinkCount" />
                    <MappedField MapFromSide="Left" LeftName="Microsoft.VSTS.Scheduling.RemainingWork" RightName="Microsoft.VSTS.Scheduling.RemainingWork" />
                    <MappedField MapFromSide="Left" LeftName="System.Rev" RightName="System.Rev" />
                    <MappedField MapFromSide="Left" LeftName="System.RevisedDate" RightName="System.RevisedDate" />
                    <MappedField MapFromSide="Left" LeftName="Microsoft.VSTS.Common.StackRank" RightName="Microsoft.VSTS.Common.StackRank" />
                    <MappedField MapFromSide="Left" LeftName="Microsoft.VSTS.Scheduling.StartDate" RightName="Microsoft.VSTS.Scheduling.StartDate" />
                    <MappedField MapFromSide="Left" LeftName="System.State" RightName="System.State" valueMap="TaskStateValueMap" />
                    <MappedField MapFromSide="Left" LeftName="Microsoft.VSTS.Common.StateChangeDate" RightName="Microsoft.VSTS.Common.StateChangeDate" />
                    <MappedField MapFromSide="Left" LeftName="System.Title" RightName="System.Title" />
                  </MappedFields>
                </FieldMap>
              </FieldMaps>
              <ValueMaps>
                <ValueMap name="RequirementStateValueMap">
                  <Value LeftValue="Proposed" RightValue="New" />
                  <Value LeftValue="Active" RightValue="Active" />
                  <Value LeftValue="Resolved" RightValue="Resolved" />
                  <Value LeftValue="Closed" RightValue="Closed" />
                </ValueMap>
                <ValueMap name="RequirementReasonValueMap">
                  <Value LeftValue="New" RightValue="New" />
                  <!-- null > Proposed -->
                  <Value LeftValue="Investigate" RightValue="New" />
                  <!-- Proposed > Active -->
                  <Value LeftValue="Accepted" RightValue="New" />
                  <!-- Proposed > Active -->
                  <Value LeftValue="Investigation Complete" RightValue="Moved to the backlog" />
                  <!-- Active > Proposed -->
                  <Value LeftValue="Postponed" RightValue="Implementation halted" />
                  <!-- Active > Proposed -->
                  <Value LeftValue="Code Complete and System Test Passed" RightValue="Stories complete" />
                  <!-- Active > Resolved -->
                  <Value LeftValue="Split" RightValue="Out of scope" />
                  <!-- Active > Closed -->
                  <Value LeftValue="Out-of-scope" RightValue="Out of scope" />
                  <!-- Active > Closed -->
                  <Value LeftValue="Abandoned" RightValue="Abandoned" />
                  <!-- Active > Closed -->
                  <Value LeftValue="Validation Test Failed" RightValue="Acceptance tests fail" />
                  <!-- Resolved > Active -->
                  <Value LeftValue="Validation Test Passed" RightValue="Acceptance tests pass" />
                  <!-- Resolved > Closed -->
                  <Value LeftValue="Rejected" RightValue="Rejected" />
                  <!-- Proposed > Closed -->
                  <Value LeftValue="Closed in error" RightValue="Reactivated" />
                  <!-- Closed > Active -->
                  <Value LeftValue="Reintroduced in Scope" RightValue="Reactivated" />
                  <!-- Closed > Active -->
                </ValueMap>
                <ValueMap name="TaskStateValueMap">
                  <Value LeftValue="New" RightValue="New" />
                  <Value LeftValue="Active" RightValue="Active" />
                  <Value LeftValue="Closed" RightValue="Closed" />
                  <Value LeftValue="Proposed" RightValue="Active" />
                  <Value LeftValue="Resolved" RightValue="Active" />
                </ValueMap>
                <ValueMap name="TaskReasonValueMap">
                  <Value LeftValue="New" RightValue="New" />
                  <!-- null > Proposed -->
                  <Value LeftValue="Investigate" RightValue="New" />
                  <!-- Proposed > Active -->
                  <Value LeftValue="Accepted" RightValue="New" />
                  <!-- Proposed > Active -->
                  <Value LeftValue="Investigation Complete" RightValue="Work started" />
                  <!-- Active > Proposed -->
                  <Value LeftValue="Complete and Requires Review/Test" RightValue="Completed" />
                  <!-- Active > Resolved -->
                  <Value LeftValue="Complete and Does Not Require Review/Test" RightValue="Completed" />
                  <!-- Active > Closed -->
                  <Value LeftValue="Deferred" RightValue="Deferred" />
                  <!-- Active > Closed -->
                  <Value LeftValue="Cut" RightValue="Cut" />
                  <!-- Active > Closed -->
                  <Value LeftValue="Overtaken by events" RightValue="Cut" />
                  <!-- Active > Closed -->
                  <Value LeftValue="Cancelled" RightValue="Cut" />
                  <!-- Active > Closed -->
                  <Value LeftValue="Review/Test Failed" RightValue="Reactivated" />
                  <!-- Resolved > Active -->
                  <Value LeftValue="Review/Test Passed" RightValue="Completed" />
                  <!-- Resolved > Closed -->
                  <Value LeftValue="Rejected" RightValue="Cut" />
                  <!-- Proposed > Closed -->
                  <Value LeftValue="Reactivated" RightValue="Reactivated" />
                  <!-- Closed > Active -->
                  <Value LeftValue="Closed in error" RightValue="Reactivated" />
                  <!-- Closed > Active -->
                </ValueMap>
              </ValueMaps>
            </WITSessionCustomSetting>
          </SettingXml>
          <SettingXmlSchema />
        </CustomSettings>
        <Filters>
          <FilterPair Neglect="false">
            <FilterItem MigrationSourceUniqueId="477c4caa-0901-4176-958c-be75d293799b" FilterString="[System.AreaPath] UNDER 'New Jersey RFS'" />
            <FilterItem MigrationSourceUniqueId="9affbe0f-9d89-45cd-937a-87a4b901ba56" FilterString="[System.Id] = 0" />
          </FilterPair>
        </Filters>
      </Session>
    </Sessions>
    <Linking>
      <CustomSettings />
      <LinkTypeMappings />
    </Linking>
    <WorkFlowType Frequency="ContinuousManual" DirectionOfFlow="Unidirectional" SyncContext="Disabled" />
    <CustomSettings />
    <UserIdentityMappings EnableValidation="false">
      <UserIdentityLookupAddins />
    </UserIdentityMappings>
    <ErrorManagement>
      <ErrorRouters />
      <ReportingSettings />
    </ErrorManagement>
  </SessionGroup>
</Configuration>