<?xml version="1.0"?>
<SerializableConflictResolutionRuleCollection xmlns:xsi="http://www.w3.org/2001/XMLSchema-instance" xmlns:xsd="http://www.w3.org/2001/XMLSchema">
  <Rules>
    <SerializableConflictResolutionRule>
      <StorageId>66</StorageId>
      <ReferenceName>6724a7b1-421a-4da2-8f2d-963bcc94a2b0</ReferenceName>
      <ConflictType>
        <StorageId>20</StorageId>
        <ReferenceName>470f9617-fc96-4166-96eb-44cc2cf73a97</ReferenceName>
        <FriendlyName>TFS WIT general conflict type</FriendlyName>
        <IsActive>true</IsActive>
        <Provider>
          <StorageId>4</StorageId>
          <ReferenceName>b84b30dd-1496-462a-bd9d-5a078a617779</ReferenceName>
          <FriendlyName>TFS 11 Migration WIT Provider</FriendlyName>
          <ProviderVersion>1.0.0.0</ProviderVersion>
        </Provider>
      </ConflictType>
      <ResolutionAction>
        <StorageId>8</StorageId>
        <ReferenceName>cab359a9-5095-4fdc-8d43-0b2245e51851</ReferenceName>
        <FriendlyName>Retry</FriendlyName>
        <IsActive>true</IsActive>
        <Provider>
          <StorageId>3</StorageId>
          <ReferenceName>ddbd5e6f-12c3-4a0a-a381-725c0622697e</ReferenceName>
          <FriendlyName>Team Foundation Server Migration and Synchronization Framework</FriendlyName>
          <ProviderVersion>1.0.0.0</ProviderVersion>
        </Provider>
      </ResolutionAction>
      <Scope>
        <StorageId>34</StorageId>
        <Scope>/System.Web.Services.Protocols.SoapException/TF201031: 7 is not a valid type of link. Check the spelling and capitalization. If you're not sure, use witadmin.exe to list the available link types. See the command-line help topic witadmin (http://go.microsoft.com/fwlink/?LinkId=75598) for more details.</Scope>
      </Scope>
      <ScopeInfoUniqueId>0d6743da-f26f-4d07-aaff-e8d98f1f3a30</ScopeInfoUniqueId>
      <SourceInfoUniqueId>ddbd5e6f-12c3-4a0a-a381-725c0622697e</SourceInfoUniqueId>
      <RuleDataXmlDocString>&lt;ConflictResolutionRule xmlns:xsi="http://www.w3.org/2001/XMLSchema-instance" xmlns:xsd="http://www.w3.org/2001/XMLSchema"&gt;&lt;RuleReferenceName&gt;6724a7b1-421a-4da2-8f2d-963bcc94a2b0&lt;/RuleReferenceName&gt;&lt;ActionReferenceName&gt;cab359a9-5095-4fdc-8d43-0b2245e51851&lt;/ActionReferenceName&gt;&lt;ApplicabilityScope&gt;/System.Web.Services.Protocols.SoapException/TF201031: 7 is not a valid type of link. Check the spelling and capitalization. If you're not sure, use witadmin.exe to list the available link types. See the command-line help topic witadmin (http://go.microsoft.com/fwlink/?LinkId=75598) for more details.&lt;/ApplicabilityScope&gt;&lt;/ConflictResolutionRule&gt;</RuleDataXmlDocString>
      <Status>2</Status>
    </SerializableConflictResolutionRule>
  </Rules>
</SerializableConflictResolutionRuleCollection>