<?xml version="1.0"?>
<Configuration xmlns:xsi="http://www.w3.org/2001/XMLSchema-instance" xmlns:xsd="http://www.w3.org/2001/XMLSchema" UniqueId="69f27da0-0ee9-45c9-b6da-9ea94513765a" FriendlyName="TFS to TFS Version Control and Work Item Tracking with Links - MT v1.0">
  <Providers>
    <Provider ReferenceName="04201d39-6e47-416f-98b2-07f0013f8455" FriendlyName="TFS 2010 Migration WIT Provider" />
    <Provider ReferenceName="b84b30dd-1496-462a-bd9d-5a078a617779" FriendlyName="TFS 11 Migration WIT Provider" />
    <Provider ReferenceName="febc091f-82a2-449e-aed8-133e5896c47a" FriendlyName="TFS 2010 Migration VC Provider" />
    <Provider ReferenceName="4cc33b2b-4b76-451f-8c2c-d86a3846d6d2" FriendlyName="TFS 11 Migration VC Provider" />
  </Providers>
  <Addins />
  <SessionGroup CreationTime="2014-12-04T16:16:24.097-06:00" FriendlyName="TFS to TFS Version Control and Work Item Tracking with Links - MT v1.0" SessionGroupGUID="1be0eee7-c4ed-460a-bb8e-f6cc53e2681d" Creator="ARCHON-TECH\TFSSETUP" SyncIntervalInSeconds="0" SyncDurationInMinutes="0">
    <MigrationSources>
      <MigrationSource InternalUniqueId="0d98bbc7-1479-43b9-9614-bcba347e6d55" FriendlyName="vm214 (WIT)" ServerIdentifier="76ef4fef-558b-4c1b-96f1-d9c57c298bf9" ServerUrl="http://vm214:8080/tfs/3m mvss" SourceIdentifier="Montana" ProviderReferenceName="04201d39-6e47-416f-98b2-07f0013f8455">
        <Settings>
          <Addins />
          <UserIdentityLookup />
          <DefaultUserIdProperty UserIdPropertyName="DisplayName" />
        </Settings>
        <CustomSettings />
        <StoredCredential />
      </MigrationSource>
      <MigrationSource InternalUniqueId="edb41dda-0ab3-465d-aad2-884dcf2c76af" FriendlyName="tfs13sb (WIT)" ServerIdentifier="07b098ae-08ff-4c00-8695-fc355f0cdee6" ServerUrl="http://tfs13sb:8080/tfs/defaultcollection" SourceIdentifier="Montana TSSD" ProviderReferenceName="b84b30dd-1496-462a-bd9d-5a078a617779">
        <Settings>
          <Addins />
          <UserIdentityLookup />
          <DefaultUserIdProperty UserIdPropertyName="DisplayName" />
        </Settings>
        <CustomSettings />
        <StoredCredential />
      </MigrationSource>
      <MigrationSource InternalUniqueId="5b8c0ceb-0c82-4dd6-9a17-74a1bd45cc2a" FriendlyName="vm214 (VC)" ServerIdentifier="76ef4fef-558b-4c1b-96f1-d9c57c298bf9" ServerUrl="http://vm214:8080/tfs/3m mvss" SourceIdentifier="Montana" ProviderReferenceName="febc091f-82a2-449e-aed8-133e5896c47a">
        <Settings>
          <Addins />
          <UserIdentityLookup />
          <DefaultUserIdProperty UserIdPropertyName="DisplayName" />
        </Settings>
        <CustomSettings />
        <StoredCredential />
      </MigrationSource>
      <MigrationSource InternalUniqueId="96144eb3-b99c-4b3d-bcb2-3274f7687c33" FriendlyName="tfs13sb (VC)" ServerIdentifier="07b098ae-08ff-4c00-8695-fc355f0cdee6" ServerUrl="http://tfs13sb:8080/tfs/defaultcollection" SourceIdentifier="Montana TSSD" ProviderReferenceName="4cc33b2b-4b76-451f-8c2c-d86a3846d6d2">
        <Settings>
          <Addins />
          <UserIdentityLookup />
          <DefaultUserIdProperty UserIdPropertyName="DisplayName" />
        </Settings>
        <CustomSettings />
        <StoredCredential />
      </MigrationSource>
    </MigrationSources>
    <Sessions>
      <Session CreationTime="2014-12-04T16:16:24.083-06:00" SessionUniqueId="8e0a9a4f-8d6d-4aa8-81c7-7c1e934753ad" FriendlyName="Work Item Tracking Session" LeftMigrationSourceUniqueId="0d98bbc7-1479-43b9-9614-bcba347e6d55" RightMigrationSourceUniqueId="edb41dda-0ab3-465d-aad2-884dcf2c76af" SessionType="WorkItemTracking">
        <EventSinks />
        <CustomSettings>
          <SettingXml>
            <WITSessionCustomSetting>
              <Settings />
              <WorkItemTypes>
                <WorkItemType LeftWorkItemTypeName="User Story" RightWorkItemTypeName="User Story" fieldMap="UserStoryToUserStoryFieldMap" />
                <WorkItemType LeftWorkItemTypeName="Task" RightWorkItemTypeName="Task" fieldMap="TaskToTaskFieldMap" />
              </WorkItemTypes>
              <FieldMaps>
                <FieldMap name="UserStoryToUserStoryFieldMap">
                  <MappedFields>
                    <MappedField MapFromSide="Left" LeftName="Microsoft.VSTS.Common.ActivatedBy" RightName="Microsoft.VSTS.Common.ActivatedBy" />
                    <MappedField MapFromSide="Left" LeftName="Microsoft.VSTS.Common.ActivatedDate" RightName="Microsoft.VSTS.Common.ActivatedDate" />
                    <MappedField MapFromSide="Left" LeftName="System.AreaId" RightName="System.AreaId" />
                    <MappedField MapFromSide="Left" LeftName="System.AreaPath" RightName="System.AreaPath" />
                    <MappedField MapFromSide="Left" LeftName="System.AssignedTo" RightName="System.AssignedTo" />
                    <MappedField MapFromSide="Left" LeftName="System.AttachedFileCount" RightName="System.AttachedFileCount" />
                    <MappedField MapFromSide="Left" LeftName="System.AuthorizedAs" RightName="System.AuthorizedAs" />
                    <MappedField MapFromSide="Left" LeftName="System.ChangedBy" RightName="System.ChangedBy" />
                    <MappedField MapFromSide="Left" LeftName="System.ChangedDate" RightName="System.ChangedDate" />
                    <MappedField MapFromSide="Left" LeftName="Microsoft.VSTS.Common.ClosedBy" RightName="Microsoft.VSTS.Common.ClosedBy" />
                    <MappedField MapFromSide="Left" LeftName="Microsoft.VSTS.Common.ClosedDate" RightName="Microsoft.VSTS.Common.ClosedDate" />
                    <MappedField MapFromSide="Left" LeftName="System.CreatedBy" RightName="System.CreatedBy" />
                    <MappedField MapFromSide="Left" LeftName="System.CreatedDate" RightName="System.CreatedDate" />
                    <MappedField MapFromSide="Left" LeftName="System.Description" RightName="System.Description" />
                    <MappedField MapFromSide="Left" LeftName="System.ExternalLinkCount" RightName="System.ExternalLinkCount" />
                    <MappedField MapFromSide="Left" LeftName="Microsoft.VSTS.Scheduling.FinishDate" RightName="Microsoft.VSTS.Scheduling.FinishDate" />
                    <MappedField MapFromSide="Left" LeftName="System.History" RightName="System.History" />
                    <MappedField MapFromSide="Left" LeftName="System.HyperLinkCount" RightName="System.HyperLinkCount" />
                    <MappedField MapFromSide="Left" LeftName="System.IterationId" RightName="System.IterationId" />
                    <MappedField MapFromSide="Left" LeftName="System.IterationPath" RightName="System.IterationPath" />
                    <MappedField MapFromSide="Left" LeftName="System.NodeName" RightName="System.NodeName" />
                    <MappedField MapFromSide="Left" LeftName="System.Reason" RightName="System.Reason" />
                    <MappedField MapFromSide="Left" LeftName="System.RelatedLinkCount" RightName="System.RelatedLinkCount" />
                    <MappedField MapFromSide="Left" LeftName="Microsoft.VSTS.Common.ResolvedBy" RightName="Microsoft.VSTS.Common.ResolvedBy" />
                    <MappedField MapFromSide="Left" LeftName="Microsoft.VSTS.Common.ResolvedDate" RightName="Microsoft.VSTS.Common.ResolvedDate" />
                    <MappedField MapFromSide="Left" LeftName="Microsoft.VSTS.Common.ResolvedReason" RightName="Microsoft.VSTS.Common.ResolvedReason" />
                    <MappedField MapFromSide="Left" LeftName="System.Rev" RightName="System.Rev" />
                    <MappedField MapFromSide="Left" LeftName="System.RevisedDate" RightName="System.RevisedDate" />
                    <MappedField MapFromSide="Left" LeftName="Microsoft.VSTS.Common.Risk" RightName="Microsoft.VSTS.Common.Risk" />
                    <MappedField MapFromSide="Left" LeftName="Microsoft.VSTS.Common.StackRank" RightName="Microsoft.VSTS.Common.StackRank" />
                    <MappedField MapFromSide="Left" LeftName="Microsoft.VSTS.Scheduling.StartDate" RightName="Microsoft.VSTS.Scheduling.StartDate" />
                    <MappedField MapFromSide="Left" LeftName="System.State" RightName="System.State" />
                    <MappedField MapFromSide="Left" LeftName="Microsoft.VSTS.Common.StateChangeDate" RightName="Microsoft.VSTS.Common.StateChangeDate" />
                    <MappedField MapFromSide="Left" LeftName="System.Title" RightName="System.Title" />
                    <MappedField MapFromSide="Left" LeftName="System.WorkItemType" RightName="System.WorkItemType" />
                  </MappedFields>
                </FieldMap>
                <FieldMap name="TaskToTaskFieldMap">
                  <MappedFields>
                    <MappedField MapFromSide="Left" LeftName="Microsoft.VSTS.Common.ActivatedBy" RightName="Microsoft.VSTS.Common.ActivatedBy" />
                    <MappedField MapFromSide="Left" LeftName="Microsoft.VSTS.Common.ActivatedDate" RightName="Microsoft.VSTS.Common.ActivatedDate" />
                    <MappedField MapFromSide="Left" LeftName="System.AreaId" RightName="System.AreaId" />
                    <MappedField MapFromSide="Left" LeftName="System.AreaPath" RightName="System.AreaPath" />
                    <MappedField MapFromSide="Left" LeftName="System.AssignedTo" RightName="System.AssignedTo" />
                    <MappedField MapFromSide="Left" LeftName="System.AttachedFileCount" RightName="System.AttachedFileCount" />
                    <MappedField MapFromSide="Left" LeftName="System.AuthorizedAs" RightName="System.AuthorizedAs" />
                    <MappedField MapFromSide="Left" LeftName="System.ChangedBy" RightName="System.ChangedBy" />
                    <MappedField MapFromSide="Left" LeftName="System.ChangedDate" RightName="System.ChangedDate" />
                    <MappedField MapFromSide="Left" LeftName="Microsoft.VSTS.Common.ClosedBy" RightName="Microsoft.VSTS.Common.ClosedBy" />
                    <MappedField MapFromSide="Left" LeftName="Microsoft.VSTS.Common.ClosedDate" RightName="Microsoft.VSTS.Common.ClosedDate" />
                    <MappedField MapFromSide="Left" LeftName="Microsoft.VSTS.Scheduling.CompletedWork" RightName="Microsoft.VSTS.Scheduling.CompletedWork" />
                    <MappedField MapFromSide="Left" LeftName="System.CreatedBy" RightName="System.CreatedBy" />
                    <MappedField MapFromSide="Left" LeftName="System.CreatedDate" RightName="System.CreatedDate" />
                    <MappedField MapFromSide="Left" LeftName="System.Description" RightName="System.Description" />
                    <MappedField MapFromSide="Left" LeftName="System.ExternalLinkCount" RightName="System.ExternalLinkCount" />
                    <MappedField MapFromSide="Left" LeftName="Microsoft.VSTS.Scheduling.FinishDate" RightName="Microsoft.VSTS.Scheduling.FinishDate" />
                    <MappedField MapFromSide="Left" LeftName="System.History" RightName="System.History" />
                    <MappedField MapFromSide="Left" LeftName="System.HyperLinkCount" RightName="System.HyperLinkCount" />
                    <MappedField MapFromSide="Left" LeftName="System.IterationId" RightName="System.IterationId" />
                    <MappedField MapFromSide="Left" LeftName="System.IterationPath" RightName="System.IterationPath" />
                    <MappedField MapFromSide="Left" LeftName="System.NodeName" RightName="System.NodeName" />
                    <MappedField MapFromSide="Left" LeftName="Microsoft.VSTS.Common.Priority" RightName="Microsoft.VSTS.Common.Priority" />
                    <MappedField MapFromSide="Left" LeftName="System.Reason" RightName="System.Reason" />
                    <MappedField MapFromSide="Left" LeftName="System.RelatedLinkCount" RightName="System.RelatedLinkCount" />
                    <MappedField MapFromSide="Left" LeftName="Microsoft.VSTS.Scheduling.RemainingWork" RightName="Microsoft.VSTS.Scheduling.RemainingWork" />
                    <MappedField MapFromSide="Left" LeftName="System.Rev" RightName="System.Rev" />
                    <MappedField MapFromSide="Left" LeftName="System.RevisedDate" RightName="System.RevisedDate" />
                    <MappedField MapFromSide="Left" LeftName="Microsoft.VSTS.Common.StackRank" RightName="Microsoft.VSTS.Common.StackRank" />
                    <MappedField MapFromSide="Left" LeftName="Microsoft.VSTS.Scheduling.StartDate" RightName="Microsoft.VSTS.Scheduling.StartDate" />
                    <MappedField MapFromSide="Left" LeftName="System.State" RightName="System.State" />
                    <MappedField MapFromSide="Left" LeftName="Microsoft.VSTS.Common.StateChangeDate" RightName="Microsoft.VSTS.Common.StateChangeDate" />
                    <MappedField MapFromSide="Left" LeftName="System.Title" RightName="System.Title" />
                    <MappedField MapFromSide="Left" LeftName="System.WorkItemType" RightName="System.WorkItemType" />
                    <MappedField MapFromSide="Left" LeftName="Microsoft.VSTS.Common.Activity" RightName="Microsoft.VSTS.Common.Activity" valueMap="TaskActivityMap" />
                  </MappedFields>
                </FieldMap>
              </FieldMaps>
              <ValueMaps>
                <ValueMap name="TaskActivityMap">
                  <Value LeftValue="Analysis" RightValue="Design" />
                  <Value LeftValue="Data" RightValue="Configuration" />
                  <Value LeftValue="Development" RightValue="Development" />
                  <Value LeftValue="OCM" RightValue="OCM" />
                  <Value LeftValue="Operations" RightValue="Operations" />
                  <Value LeftValue="Project Management" RightValue="Project Management" />
                  <Value LeftValue="Support" RightValue="Deployment" />
                  <Value LeftValue="Test" RightValue="Testing" />
                  <Value LeftValue="Training" RightValue="Training" />
                </ValueMap>
              </ValueMaps>
            </WITSessionCustomSetting>
          </SettingXml>
          <SettingXmlSchema />
        </CustomSettings>
        <Filters>
          <FilterPair Neglect="false">
            <FilterItem MigrationSourceUniqueId="0d98bbc7-1479-43b9-9614-bcba347e6d55" FilterString="[System.TeamProject] = @project and ([System.WorkItemType] = 'User Story' or [System.WorkItemType] = 'Task') and [System.State] &lt;&gt; 'Open'" />
            <FilterItem MigrationSourceUniqueId="edb41dda-0ab3-465d-aad2-884dcf2c76af" FilterString="[System.Id] = 0" />
          </FilterPair>
        </Filters>
      </Session>
      <Session CreationTime="2014-12-04T16:16:24.07-06:00" SessionUniqueId="3daa9cb7-dd2b-4041-834a-85117f6714fe" FriendlyName="Version Control Session" LeftMigrationSourceUniqueId="5b8c0ceb-0c82-4dd6-9a17-74a1bd45cc2a" RightMigrationSourceUniqueId="96144eb3-b99c-4b3d-bcb2-3274f7687c33" SessionType="VersionControl">
        <EventSinks />
        <CustomSettings>
          <SettingXml />
          <SettingXmlSchema />
        </CustomSettings>
        <Filters>
          <FilterPair Neglect="false">
            <FilterItem MigrationSourceUniqueId="5b8c0ceb-0c82-4dd6-9a17-74a1bd45cc2a" FilterString="$/Montana/Statement of Work (SOW) 3" />
            <FilterItem MigrationSourceUniqueId="96144eb3-b99c-4b3d-bcb2-3274f7687c33" FilterString="$/Montana TSSD/MERLIN_Drivers/SOW_3" />
          </FilterPair>
          <FilterPair Neglect="false">
            <FilterItem MigrationSourceUniqueId="5b8c0ceb-0c82-4dd6-9a17-74a1bd45cc2a" FilterString="$/Montana/Statement of Work (SOW) 4" />
            <FilterItem MigrationSourceUniqueId="96144eb3-b99c-4b3d-bcb2-3274f7687c33" FilterString="$/Montana TSSD/MERLIN_Drivers/Drivers" />
          </FilterPair>
        </Filters>
      </Session>
    </Sessions>
    <Linking>
      <CustomSettings />
      <LinkTypeMappings />
    </Linking>
    <WorkFlowType Frequency="ContinuousManual" DirectionOfFlow="Unidirectional" SyncContext="Disabled" />
    <CustomSettings />
    <UserIdentityMappings EnableValidation="false">
      <UserIdentityLookupAddins />
    </UserIdentityMappings>
    <ErrorManagement>
      <ErrorRouters />
      <ReportingSettings />
    </ErrorManagement>
  </SessionGroup>
</Configuration>