<?xml version="1.0"?>
<SerializableConflictResolutionRuleCollection xmlns:xsi="http://www.w3.org/2001/XMLSchema-instance" xmlns:xsd="http://www.w3.org/2001/XMLSchema">
  <Rules>
    <SerializableConflictResolutionRule>
      <StorageId>71</StorageId>
      <ReferenceName>32eb3680-d893-4d0d-87d9-81912ff91567</ReferenceName>
      <ConflictType>
        <StorageId>20</StorageId>
        <ReferenceName>470f9617-fc96-4166-96eb-44cc2cf73a97</ReferenceName>
        <FriendlyName>TFS WIT general conflict type</FriendlyName>
        <IsActive>true</IsActive>
        <Provider>
          <StorageId>4</StorageId>
          <ReferenceName>b84b30dd-1496-462a-bd9d-5a078a617779</ReferenceName>
          <FriendlyName>TFS 11 Migration WIT Provider</FriendlyName>
          <ProviderVersion>1.0.0.0</ProviderVersion>
        </Provider>
      </ConflictType>
      <ResolutionAction>
        <StorageId>8</StorageId>
        <ReferenceName>cab359a9-5095-4fdc-8d43-0b2245e51851</ReferenceName>
        <FriendlyName>Retry</FriendlyName>
        <IsActive>true</IsActive>
        <Provider>
          <StorageId>3</StorageId>
          <ReferenceName>ddbd5e6f-12c3-4a0a-a381-725c0622697e</ReferenceName>
          <FriendlyName>Team Foundation Server Migration and Synchronization Framework</FriendlyName>
          <ProviderVersion>1.0.0.0</ProviderVersion>
        </Provider>
      </ResolutionAction>
      <Scope>
        <StorageId>34</StorageId>
        <Scope>/System.Web.Services.Protocols.SoapException/TF201031: 7 is not a valid type of link. Check the spelling and capitalization. If you're not sure, use witadmin.exe to list the available link types. See the command-line help topic witadmin (http://go.microsoft.com/fwlink/?LinkId=75598) for more details.</Scope>
      </Scope>
      <ScopeInfoUniqueId>1be0eee7-c4ed-460a-bb8e-f6cc53e2681d</ScopeInfoUniqueId>
      <SourceInfoUniqueId>ddbd5e6f-12c3-4a0a-a381-725c0622697e</SourceInfoUniqueId>
      <RuleDataXmlDocString>&lt;ConflictResolutionRule xmlns:xsi="http://www.w3.org/2001/XMLSchema-instance" xmlns:xsd="http://www.w3.org/2001/XMLSchema"&gt;&lt;RuleReferenceName&gt;32eb3680-d893-4d0d-87d9-81912ff91567&lt;/RuleReferenceName&gt;&lt;ActionReferenceName&gt;cab359a9-5095-4fdc-8d43-0b2245e51851&lt;/ActionReferenceName&gt;&lt;ApplicabilityScope&gt;/System.Web.Services.Protocols.SoapException/TF201031: 7 is not a valid type of link. Check the spelling and capitalization. If you're not sure, use witadmin.exe to list the available link types. See the command-line help topic witadmin (http://go.microsoft.com/fwlink/?LinkId=75598) for more details.&lt;/ApplicabilityScope&gt;&lt;/ConflictResolutionRule&gt;</RuleDataXmlDocString>
      <Status>2</Status>
    </SerializableConflictResolutionRule>
    <SerializableConflictResolutionRule>
      <StorageId>67</StorageId>
      <ReferenceName>05b0ca49-72b2-4bef-b55d-ca4e14e5730c</ReferenceName>
      <ConflictType>
        <StorageId>3</StorageId>
        <ReferenceName>fcb867af-9224-4fc4-aac9-bfe413aada33</ReferenceName>
        <FriendlyName>VC path not mapped conflict type</FriendlyName>
        <IsActive>true</IsActive>
        <Provider>
          <StorageId>2</StorageId>
          <ReferenceName>2f82c6c4-bbee-42fb-b3d0-4799cabcf00e</ReferenceName>
          <FriendlyName>TFS 2008 Migration VC Provider</FriendlyName>
          <ProviderVersion>1.0.0.0</ProviderVersion>
        </Provider>
      </ConflictType>
      <ResolutionAction>
        <StorageId>6</StorageId>
        <ReferenceName>049599cc-c729-4679-b605-6db600d2f691</ReferenceName>
        <FriendlyName>Resolve source not mapped conflict by changing to 'Add' for 'Branch', by skipping for 'Merge' and by changing to 'Add' for 'Rename'. </FriendlyName>
        <IsActive>true</IsActive>
        <Provider>
          <StorageId>2</StorageId>
          <ReferenceName>2f82c6c4-bbee-42fb-b3d0-4799cabcf00e</ReferenceName>
          <FriendlyName>TFS 2008 Migration VC Provider</FriendlyName>
          <ProviderVersion>1.0.0.0</ProviderVersion>
        </Provider>
      </ResolutionAction>
      <Scope>
        <StorageId>35</StorageId>
        <Scope>$/Montana/Functional Tech Specs</Scope>
      </Scope>
      <ScopeInfoUniqueId>3daa9cb7-dd2b-4041-834a-85117f6714fe</ScopeInfoUniqueId>
      <SourceInfoUniqueId>5b8c0ceb-0c82-4dd6-9a17-74a1bd45cc2a</SourceInfoUniqueId>
      <RuleDataXmlDocString>&lt;ConflictResolutionRule xmlns:xsi="http://www.w3.org/2001/XMLSchema-instance" xmlns:xsd="http://www.w3.org/2001/XMLSchema"&gt;&lt;RuleReferenceName&gt;05b0ca49-72b2-4bef-b55d-ca4e14e5730c&lt;/RuleReferenceName&gt;&lt;ActionReferenceName&gt;049599cc-c729-4679-b605-6db600d2f691&lt;/ActionReferenceName&gt;&lt;RuleDescription&gt;Resolve this conflict by changing to 'Add' for 'Branch', by skipping for 'Merge' and by changing to 'Add' for 'Remove'.&lt;/RuleDescription&gt;&lt;ApplicabilityScope&gt;$/Montana/Functional Tech Specs&lt;/ApplicabilityScope&gt;&lt;/ConflictResolutionRule&gt;</RuleDataXmlDocString>
      <Status>0</Status>
    </SerializableConflictResolutionRule>
    <SerializableConflictResolutionRule>
      <StorageId>68</StorageId>
      <ReferenceName>00c05f77-c680-4931-9d70-996bc9affff1</ReferenceName>
      <ConflictType>
        <StorageId>3</StorageId>
        <ReferenceName>fcb867af-9224-4fc4-aac9-bfe413aada33</ReferenceName>
        <FriendlyName>VC path not mapped conflict type</FriendlyName>
        <IsActive>true</IsActive>
        <Provider>
          <StorageId>2</StorageId>
          <ReferenceName>2f82c6c4-bbee-42fb-b3d0-4799cabcf00e</ReferenceName>
          <FriendlyName>TFS 2008 Migration VC Provider</FriendlyName>
          <ProviderVersion>1.0.0.0</ProviderVersion>
        </Provider>
      </ConflictType>
      <ResolutionAction>
        <StorageId>6</StorageId>
        <ReferenceName>049599cc-c729-4679-b605-6db600d2f691</ReferenceName>
        <FriendlyName>Resolve source not mapped conflict by changing to 'Add' for 'Branch', by skipping for 'Merge' and by changing to 'Add' for 'Rename'. </FriendlyName>
        <IsActive>true</IsActive>
        <Provider>
          <StorageId>2</StorageId>
          <ReferenceName>2f82c6c4-bbee-42fb-b3d0-4799cabcf00e</ReferenceName>
          <FriendlyName>TFS 2008 Migration VC Provider</FriendlyName>
          <ProviderVersion>1.0.0.0</ProviderVersion>
        </Provider>
      </ResolutionAction>
      <Scope>
        <StorageId>36</StorageId>
        <Scope>$/Montana/Project Management</Scope>
      </Scope>
      <ScopeInfoUniqueId>3daa9cb7-dd2b-4041-834a-85117f6714fe</ScopeInfoUniqueId>
      <SourceInfoUniqueId>5b8c0ceb-0c82-4dd6-9a17-74a1bd45cc2a</SourceInfoUniqueId>
      <RuleDataXmlDocString>&lt;ConflictResolutionRule xmlns:xsi="http://www.w3.org/2001/XMLSchema-instance" xmlns:xsd="http://www.w3.org/2001/XMLSchema"&gt;&lt;RuleReferenceName&gt;00c05f77-c680-4931-9d70-996bc9affff1&lt;/RuleReferenceName&gt;&lt;ActionReferenceName&gt;049599cc-c729-4679-b605-6db600d2f691&lt;/ActionReferenceName&gt;&lt;RuleDescription&gt;Resolve this conflict by changing to 'Add' for 'Branch', by skipping for 'Merge' and by changing to 'Add' for 'Remove'.&lt;/RuleDescription&gt;&lt;ApplicabilityScope&gt;$/Montana/Project Management&lt;/ApplicabilityScope&gt;&lt;/ConflictResolutionRule&gt;</RuleDataXmlDocString>
      <Status>0</Status>
    </SerializableConflictResolutionRule>
    <SerializableConflictResolutionRule>
      <StorageId>69</StorageId>
      <ReferenceName>45dcfaf7-31da-423e-a445-f2996582bd7a</ReferenceName>
      <ConflictType>
        <StorageId>3</StorageId>
        <ReferenceName>fcb867af-9224-4fc4-aac9-bfe413aada33</ReferenceName>
        <FriendlyName>VC path not mapped conflict type</FriendlyName>
        <IsActive>true</IsActive>
        <Provider>
          <StorageId>2</StorageId>
          <ReferenceName>2f82c6c4-bbee-42fb-b3d0-4799cabcf00e</ReferenceName>
          <FriendlyName>TFS 2008 Migration VC Provider</FriendlyName>
          <ProviderVersion>1.0.0.0</ProviderVersion>
        </Provider>
      </ConflictType>
      <ResolutionAction>
        <StorageId>6</StorageId>
        <ReferenceName>049599cc-c729-4679-b605-6db600d2f691</ReferenceName>
        <FriendlyName>Resolve source not mapped conflict by changing to 'Add' for 'Branch', by skipping for 'Merge' and by changing to 'Add' for 'Rename'. </FriendlyName>
        <IsActive>true</IsActive>
        <Provider>
          <StorageId>2</StorageId>
          <ReferenceName>2f82c6c4-bbee-42fb-b3d0-4799cabcf00e</ReferenceName>
          <FriendlyName>TFS 2008 Migration VC Provider</FriendlyName>
          <ProviderVersion>1.0.0.0</ProviderVersion>
        </Provider>
      </ResolutionAction>
      <Scope>
        <StorageId>37</StorageId>
        <Scope>$/Montana/Requirements</Scope>
      </Scope>
      <ScopeInfoUniqueId>3daa9cb7-dd2b-4041-834a-85117f6714fe</ScopeInfoUniqueId>
      <SourceInfoUniqueId>5b8c0ceb-0c82-4dd6-9a17-74a1bd45cc2a</SourceInfoUniqueId>
      <RuleDataXmlDocString>&lt;ConflictResolutionRule xmlns:xsi="http://www.w3.org/2001/XMLSchema-instance" xmlns:xsd="http://www.w3.org/2001/XMLSchema"&gt;&lt;RuleReferenceName&gt;45dcfaf7-31da-423e-a445-f2996582bd7a&lt;/RuleReferenceName&gt;&lt;ActionReferenceName&gt;049599cc-c729-4679-b605-6db600d2f691&lt;/ActionReferenceName&gt;&lt;RuleDescription&gt;Resolve this conflict by changing to 'Add' for 'Branch', by skipping for 'Merge' and by changing to 'Add' for 'Remove'.&lt;/RuleDescription&gt;&lt;ApplicabilityScope&gt;$/Montana/Requirements&lt;/ApplicabilityScope&gt;&lt;/ConflictResolutionRule&gt;</RuleDataXmlDocString>
      <Status>0</Status>
    </SerializableConflictResolutionRule>
    <SerializableConflictResolutionRule>
      <StorageId>70</StorageId>
      <ReferenceName>fb8d5442-a741-4305-ac6d-cd5afa7e84a0</ReferenceName>
      <ConflictType>
        <StorageId>3</StorageId>
        <ReferenceName>fcb867af-9224-4fc4-aac9-bfe413aada33</ReferenceName>
        <FriendlyName>VC path not mapped conflict type</FriendlyName>
        <IsActive>true</IsActive>
        <Provider>
          <StorageId>2</StorageId>
          <ReferenceName>2f82c6c4-bbee-42fb-b3d0-4799cabcf00e</ReferenceName>
          <FriendlyName>TFS 2008 Migration VC Provider</FriendlyName>
          <ProviderVersion>1.0.0.0</ProviderVersion>
        </Provider>
      </ConflictType>
      <ResolutionAction>
        <StorageId>6</StorageId>
        <ReferenceName>049599cc-c729-4679-b605-6db600d2f691</ReferenceName>
        <FriendlyName>Resolve source not mapped conflict by changing to 'Add' for 'Branch', by skipping for 'Merge' and by changing to 'Add' for 'Rename'. </FriendlyName>
        <IsActive>true</IsActive>
        <Provider>
          <StorageId>2</StorageId>
          <ReferenceName>2f82c6c4-bbee-42fb-b3d0-4799cabcf00e</ReferenceName>
          <FriendlyName>TFS 2008 Migration VC Provider</FriendlyName>
          <ProviderVersion>1.0.0.0</ProviderVersion>
        </Provider>
      </ResolutionAction>
      <Scope>
        <StorageId>38</StorageId>
        <Scope>$/Montana/Technical Assessments</Scope>
      </Scope>
      <ScopeInfoUniqueId>3daa9cb7-dd2b-4041-834a-85117f6714fe</ScopeInfoUniqueId>
      <SourceInfoUniqueId>5b8c0ceb-0c82-4dd6-9a17-74a1bd45cc2a</SourceInfoUniqueId>
      <RuleDataXmlDocString>&lt;ConflictResolutionRule xmlns:xsi="http://www.w3.org/2001/XMLSchema-instance" xmlns:xsd="http://www.w3.org/2001/XMLSchema"&gt;&lt;RuleReferenceName&gt;fb8d5442-a741-4305-ac6d-cd5afa7e84a0&lt;/RuleReferenceName&gt;&lt;ActionReferenceName&gt;049599cc-c729-4679-b605-6db600d2f691&lt;/ActionReferenceName&gt;&lt;RuleDescription&gt;Resolve this conflict by changing to 'Add' for 'Branch', by skipping for 'Merge' and by changing to 'Add' for 'Remove'.&lt;/RuleDescription&gt;&lt;ApplicabilityScope&gt;$/Montana/Technical Assessments&lt;/ApplicabilityScope&gt;&lt;/ConflictResolutionRule&gt;</RuleDataXmlDocString>
      <Status>0</Status>
    </SerializableConflictResolutionRule>
    <SerializableConflictResolutionRule>
      <StorageId>72</StorageId>
      <ReferenceName>38069c0b-0da0-47ec-8e96-507b2124934e</ReferenceName>
      <ConflictType>
        <StorageId>3</StorageId>
        <ReferenceName>fcb867af-9224-4fc4-aac9-bfe413aada33</ReferenceName>
        <FriendlyName>VC path not mapped conflict type</FriendlyName>
        <IsActive>true</IsActive>
        <Provider>
          <StorageId>2</StorageId>
          <ReferenceName>2f82c6c4-bbee-42fb-b3d0-4799cabcf00e</ReferenceName>
          <FriendlyName>TFS 2008 Migration VC Provider</FriendlyName>
          <ProviderVersion>1.0.0.0</ProviderVersion>
        </Provider>
      </ConflictType>
      <ResolutionAction>
        <StorageId>6</StorageId>
        <ReferenceName>049599cc-c729-4679-b605-6db600d2f691</ReferenceName>
        <FriendlyName>Resolve source not mapped conflict by changing to 'Add' for 'Branch', by skipping for 'Merge' and by changing to 'Add' for 'Rename'. </FriendlyName>
        <IsActive>true</IsActive>
        <Provider>
          <StorageId>2</StorageId>
          <ReferenceName>2f82c6c4-bbee-42fb-b3d0-4799cabcf00e</ReferenceName>
          <FriendlyName>TFS 2008 Migration VC Provider</FriendlyName>
          <ProviderVersion>1.0.0.0</ProviderVersion>
        </Provider>
      </ResolutionAction>
      <Scope>
        <StorageId>39</StorageId>
        <Scope>$/Montana/Product Documentation</Scope>
      </Scope>
      <ScopeInfoUniqueId>3daa9cb7-dd2b-4041-834a-85117f6714fe</ScopeInfoUniqueId>
      <SourceInfoUniqueId>5b8c0ceb-0c82-4dd6-9a17-74a1bd45cc2a</SourceInfoUniqueId>
      <RuleDataXmlDocString>&lt;ConflictResolutionRule xmlns:xsi="http://www.w3.org/2001/XMLSchema-instance" xmlns:xsd="http://www.w3.org/2001/XMLSchema"&gt;&lt;RuleReferenceName&gt;38069c0b-0da0-47ec-8e96-507b2124934e&lt;/RuleReferenceName&gt;&lt;ActionReferenceName&gt;049599cc-c729-4679-b605-6db600d2f691&lt;/ActionReferenceName&gt;&lt;RuleDescription&gt;Resolve this conflict by changing to 'Add' for 'Branch', by skipping for 'Merge' and by changing to 'Add' for 'Remove'.&lt;/RuleDescription&gt;&lt;ApplicabilityScope&gt;$/Montana/Product Documentation&lt;/ApplicabilityScope&gt;&lt;/ConflictResolutionRule&gt;</RuleDataXmlDocString>
      <Status>0</Status>
    </SerializableConflictResolutionRule>
  </Rules>
</SerializableConflictResolutionRuleCollection>