<?xml version="1.0" encoding="utf-8"?>
<SourceControlConverter>
<ConverterSpecificSetting>
     <Source name="VSS">
          <VSSDatabase name="D:\_tfs_data\dencas"></VSSDatabase>
          <UserMap name="D:\_tfs_data\dencas\migrate\Usermap.xml"></UserMap>
          <SQL Server="tfsmigration"></SQL>
     </Source>
     <ProjectMap>
          <!--<Project Source="$/DEMO"></Project> -->
		  <!-- <Project Source="$/DENCAS (APP315)"></Project> -->
		  <Project Source="$/DENCAS Remote (2012)"></Project>
		  <!-- <Project Source="$/DENCAS Remote (APP759)"></Project> -->
		  <Project Source="$/DENCAS Web (2012)"></Project>
     </ProjectMap>
</ConverterSpecificSetting>
<Settings>
     <Output file="D:\_tfs_data\dencas\migrate\logs\TSSD.VSS.Analyze.dencas.xml"></Output>
</Settings>
</SourceControlConverter>