<?xml version="1.0" encoding="utf-8"?>
<SourceControlConverter>
<ConverterSpecificSetting>
     <Source name="VSS">
          <VSSDatabase name="D:\_tfs_data\dencas"></VSSDatabase>
          <UserMap name="D:\_tfs_data\dencas\migrate\Usermap.xml"></UserMap>
          <SQL Server="tfsmigration"></SQL>
     </Source>
     <ProjectMap>
		<Project Source="$/DENCAS Remote (2012)" Destination="$/TSSD Secure Credentials/dencas/remote"></Project>
		<Project Source="$/DENCAS Web (2012)" Destination="$/TSSD Secure Credentials/dencas/web"></Project>
     </ProjectMap>
</ConverterSpecificSetting>
<Settings>
     <TeamFoundationServer name="tfsprod01.usac.mmm.com" port="8080" protocol="http" collection="tfs/DefaultCollection/"></TeamFoundationServer>
     <Output file="D:\_tfs_data\dencas\migrate\logs\TSSD.VSS.Migrate.dencas.xml"></Output>
</Settings>
</SourceControlConverter>