<?xml version="1.0"?>
<doc>
    <assembly>
        <name>TeamProjectManager.Common</name>
    </assembly>
    <members>
        <member name="T:TeamProjectManager.Common.Constants">
            <summary>
            Provides application-wide constants.
            </summary>
        </member>
        <member name="F:TeamProjectManager.Common.Constants.ApplicationName">
            <summary>
            The name of the application.
            </summary>
        </member>
        <member name="F:TeamProjectManager.Common.Constants.ApplicationUrl">
            <summary>
            The URL of the homepage of the application.
            </summary>
        </member>
        <member name="F:TeamProjectManager.Common.Constants.ApplicationDescription">
            <summary>
            The description of the application.
            </summary>
        </member>
        <member name="F:TeamProjectManager.Common.Constants.ApplicationCompany">
            <summary>
            The company of the application.
            </summary>
        </member>
        <member name="F:TeamProjectManager.Common.Constants.ApplicationCopyright">
            <summary>
            The copyright statement of the application.
            </summary>
        </member>
        <member name="F:TeamProjectManager.Common.Constants.AssemblyConfiguration">
            <summary>
            The configuration of the assemblies that make up the application.
            </summary>
        </member>
        <member name="F:TeamProjectManager.Common.Constants.AssemblyTrademark">
            <summary>
            The trademark of the assemblies that make up the application.
            </summary>
        </member>
        <member name="F:TeamProjectManager.Common.Constants.AssemblyCulture">
            <summary>
            The culture of the assemblies that make up the application.
            </summary>
        </member>
        <member name="F:TeamProjectManager.Common.Constants.AssemblyNeutralResourcesLanguage">
            <summary>
            The neutral resources language of the assemblies that make up the application.
            </summary>
        </member>
        <member name="T:TeamProjectManager.Common.Converters.CaseConverter">
            <summary>
            A value converter that transforms values to their lower or upper case string representation.
            </summary>
        </member>
        <member name="M:TeamProjectManager.Common.Converters.CaseConverter.Convert(System.Object,System.Type,System.Object,System.Globalization.CultureInfo)">
            <summary>
            Converts a value.
            </summary>
            <param name="value">The value produced by the binding source.</param>
            <param name="targetType">The type of the binding target property.</param>
            <param name="parameter">The converter parameter to use.</param>
            <param name="culture">The culture to use in the converter.</param>
            <returns>A converted value. If the method returns null, the valid null value is used.</returns>
        </member>
        <member name="M:TeamProjectManager.Common.Converters.CaseConverter.ConvertBack(System.Object,System.Type,System.Object,System.Globalization.CultureInfo)">
            <summary>
            Converts a value.
            </summary>
            <param name="value">The value that is produced by the binding target.</param>
            <param name="targetType">The type to convert to.</param>
            <param name="parameter">The converter parameter to use.</param>
            <param name="culture">The culture to use in the converter.</param>
            <returns>A converted value. If the method returns null, the valid null value is used.</returns>
        </member>
        <member name="T:TeamProjectManager.Common.Converters.InverseBooleanConverter">
            <summary>
            A value converter that inverts a boolean value.
            </summary>
        </member>
        <member name="M:TeamProjectManager.Common.Converters.InverseBooleanConverter.Convert(System.Object,System.Type,System.Object,System.Globalization.CultureInfo)">
            <summary>
            Converts a value.
            </summary>
            <param name="value">The value produced by the binding source.</param>
            <param name="targetType">The type of the binding target property.</param>
            <param name="parameter">The converter parameter to use.</param>
            <param name="culture">The culture to use in the converter.</param>
            <returns>A converted value. If the method returns null, the valid null value is used.</returns>
        </member>
        <member name="M:TeamProjectManager.Common.Converters.InverseBooleanConverter.ConvertBack(System.Object,System.Type,System.Object,System.Globalization.CultureInfo)">
            <summary>
            Converts a value.
            </summary>
            <param name="value">The value produced by the binding source.</param>
            <param name="targetType">The type of the binding target property.</param>
            <param name="parameter">The converter parameter to use.</param>
            <param name="culture">The culture to use in the converter.</param>
            <returns>A converted value. If the method returns null, the valid null value is used.</returns>
        </member>
        <member name="T:TeamProjectManager.Common.Converters.SingleLineConverter">
            <summary>
            A value converter that transforms values to their string representation with all line breaks removed.
            </summary>
        </member>
        <member name="M:TeamProjectManager.Common.Converters.SingleLineConverter.Convert(System.Object,System.Type,System.Object,System.Globalization.CultureInfo)">
            <summary>
            Converts a value.
            </summary>
            <param name="value">The value produced by the binding source.</param>
            <param name="targetType">The type of the binding target property.</param>
            <param name="parameter">The converter parameter to use.</param>
            <param name="culture">The culture to use in the converter.</param>
            <returns>A converted value. If the method returns null, the valid null value is used.</returns>
        </member>
        <member name="M:TeamProjectManager.Common.Converters.SingleLineConverter.ConvertBack(System.Object,System.Type,System.Object,System.Globalization.CultureInfo)">
            <summary>
            Converts a value.
            </summary>
            <param name="value">The value that is produced by the binding target.</param>
            <param name="targetType">The type to convert to.</param>
            <param name="parameter">The converter parameter to use.</param>
            <param name="culture">The culture to use in the converter.</param>
            <returns>A converted value. If the method returns null, the valid null value is used.</returns>
        </member>
        <member name="T:TeamProjectManager.Common.Converters.XmlDocumentConverter">
            <summary>
            A value converter that converts between <see cref="T:System.Xml.XmlDocument"/> and <see cref="T:System.String"/>.
            </summary>
        </member>
        <member name="M:TeamProjectManager.Common.Converters.XmlDocumentConverter.Convert(System.Object,System.Type,System.Object,System.Globalization.CultureInfo)">
            <summary>
            Converts a value.
            </summary>
            <param name="value">The value produced by the binding source.</param>
            <param name="targetType">The type of the binding target property.</param>
            <param name="parameter">The converter parameter to use.</param>
            <param name="culture">The culture to use in the converter.</param>
            <returns>A converted value. If the method returns null, the valid null value is used.</returns>
        </member>
        <member name="M:TeamProjectManager.Common.Converters.XmlDocumentConverter.ConvertBack(System.Object,System.Type,System.Object,System.Globalization.CultureInfo)">
            <summary>
            Converts a value.
            </summary>
            <param name="value">The value that is produced by the binding target.</param>
            <param name="targetType">The type to convert to.</param>
            <param name="parameter">The converter parameter to use.</param>
            <param name="culture">The culture to use in the converter.</param>
            <returns>A converted value. If the method returns null, the valid null value is used.</returns>
        </member>
        <member name="T:TeamProjectManager.Common.Converters.EnumToBooleanConverter">
            <summary>
            A value converter that returns a value that determines if the current enum value is equal to a specified converter argument.
            </summary>
        </member>
        <member name="M:TeamProjectManager.Common.Converters.EnumToBooleanConverter.Convert(System.Object,System.Type,System.Object,System.Globalization.CultureInfo)">
            <summary>
            Converts a value.
            </summary>
            <param name="value">The value produced by the binding source.</param>
            <param name="targetType">The type of the binding target property.</param>
            <param name="parameter">The converter parameter to use.</param>
            <param name="culture">The culture to use in the converter.</param>
            <returns>A converted value. If the method returns null, the valid null value is used.</returns>
        </member>
        <member name="M:TeamProjectManager.Common.Converters.EnumToBooleanConverter.ConvertBack(System.Object,System.Type,System.Object,System.Globalization.CultureInfo)">
            <summary>
            Converts a value.
            </summary>
            <param name="value">The value that is produced by the binding target.</param>
            <param name="targetType">The type to convert to.</param>
            <param name="parameter">The converter parameter to use.</param>
            <param name="culture">The culture to use in the converter.</param>
            <returns>
            A converted value. If the method returns null, the valid null value is used.
            </returns>
        </member>
        <member name="M:TeamProjectManager.Common.Converters.EnumToBooleanConverter.GetEnumType(System.Type)">
            <summary>
            Gets the type of the enum.
            </summary>
            <param name="targetType">The target type, i.e. an enum type or a nullable enum type.</param>
            <returns>The enum type.</returns>
        </member>
        <member name="T:TeamProjectManager.Common.Events.TeamProjectCollectionSelectionChangedEventArgs">
            <summary>
            Defines the event arguments for Team Project Collection selection change events.
            </summary>
        </member>
        <member name="P:TeamProjectManager.Common.Events.TeamProjectCollectionSelectionChangedEventArgs.SelectedTeamProjectCollection">
            <summary>
            Gets the Team Project Collection that has been selected.
            </summary>
        </member>
        <member name="M:TeamProjectManager.Common.Events.TeamProjectCollectionSelectionChangedEventArgs.#ctor(TeamProjectManager.Common.TeamProjectCollectionInfo)">
            <summary>
            Initializes a new instance of the <see cref="T:TeamProjectManager.Common.Events.TeamProjectCollectionSelectionChangedEventArgs"/> class.
            </summary>
            <param name="selectedTeamProjectCollection">The Team Project Collection that has been selected.</param>
        </member>
        <member name="T:TeamProjectManager.Common.Events.TeamProjectCollectionSelectionChangedEvent">
            <summary>
            Defines the event that is raised when the selected Team Project Collection changed.
            </summary>
        </member>
        <member name="T:TeamProjectManager.Common.Events.StatusEvent">
            <summary>
            Defines the event that is raised when a status message is published.
            </summary>
        </member>
        <member name="T:TeamProjectManager.Common.Events.StatusEventArgs">
            <summary>
            Defines the event arguments for status events.
            </summary>
        </member>
        <member name="P:TeamProjectManager.Common.Events.StatusEventArgs.Message">
            <summary>
            Gets the status message.
            </summary>
        </member>
        <member name="P:TeamProjectManager.Common.Events.StatusEventArgs.Details">
            <summary>
            Gets the status details.
            </summary>
        </member>
        <member name="P:TeamProjectManager.Common.Events.StatusEventArgs.EventType">
            <summary>
            Gets the type of event.
            </summary>
        </member>
        <member name="P:TeamProjectManager.Common.Events.StatusEventArgs.Exception">
            <summary>
            Gets the exception that occurred, if any.
            </summary>
        </member>
        <member name="P:TeamProjectManager.Common.Events.StatusEventArgs.Task">
            <summary>
            Gets the application task that can be used to track further progress of the status event.
            </summary>
        </member>
        <member name="M:TeamProjectManager.Common.Events.StatusEventArgs.#ctor(System.String)">
            <summary>
            Initializes a new instance of the <see cref="T:TeamProjectManager.Common.Events.StatusEventArgs"/> class.
            </summary>
            <param name="message">The status message.</param>
        </member>
        <member name="M:TeamProjectManager.Common.Events.StatusEventArgs.#ctor(System.String,System.String)">
            <summary>
            Initializes a new instance of the <see cref="T:TeamProjectManager.Common.Events.StatusEventArgs"/> class.
            </summary>
            <param name="message">The status message.</param>
            <param name="details">The status details.</param>
        </member>
        <member name="M:TeamProjectManager.Common.Events.StatusEventArgs.#ctor(System.String,System.Diagnostics.TraceEventType)">
            <summary>
            Initializes a new instance of the <see cref="T:TeamProjectManager.Common.Events.StatusEventArgs"/> class.
            </summary>
            <param name="message">The status message.</param>
            <param name="eventType">The type of event.</param>
        </member>
        <member name="M:TeamProjectManager.Common.Events.StatusEventArgs.#ctor(System.String,System.String,System.Diagnostics.TraceEventType)">
            <summary>
            Initializes a new instance of the <see cref="T:TeamProjectManager.Common.Events.StatusEventArgs"/> class.
            </summary>
            <param name="message">The status message.</param>
            <param name="details">The status details.</param>
            <param name="eventType">The type of event.</param>
        </member>
        <member name="M:TeamProjectManager.Common.Events.StatusEventArgs.#ctor(System.String,System.Exception)">
            <summary>
            Initializes a new instance of the <see cref="T:TeamProjectManager.Common.Events.StatusEventArgs"/> class.
            </summary>
            <param name="message">The status message.</param>
            <param name="exception">The exception that occurred, if any.</param>
        </member>
        <member name="M:TeamProjectManager.Common.Events.StatusEventArgs.#ctor(System.String,System.String,System.Exception)">
            <summary>
            Initializes a new instance of the <see cref="T:TeamProjectManager.Common.Events.StatusEventArgs"/> class.
            </summary>
            <param name="message">The status message.</param>
            <param name="details">The status details.</param>
            <param name="exception">The exception that occurred, if any.</param>
        </member>
        <member name="M:TeamProjectManager.Common.Events.StatusEventArgs.#ctor(System.String,System.Exception,System.Diagnostics.TraceEventType)">
            <summary>
            Initializes a new instance of the <see cref="T:TeamProjectManager.Common.Events.StatusEventArgs"/> class.
            </summary>
            <param name="message">The status message.</param>
            <param name="exception">The exception that occurred, if any.</param>
            <param name="eventType">The type of event.</param>
        </member>
        <member name="M:TeamProjectManager.Common.Events.StatusEventArgs.#ctor(System.String,System.String,System.Exception,System.Diagnostics.TraceEventType)">
            <summary>
            Initializes a new instance of the <see cref="T:TeamProjectManager.Common.Events.StatusEventArgs"/> class.
            </summary>
            <param name="message">The status message.</param>
            <param name="details">The status details.</param>
            <param name="exception">The exception that occurred, if any.</param>
            <param name="eventType">The type of event.</param>
        </member>
        <member name="M:TeamProjectManager.Common.Events.StatusEventArgs.#ctor(TeamProjectManager.Common.Infrastructure.ApplicationTask)">
            <summary>
            Initializes a new instance of the <see cref="T:TeamProjectManager.Common.Events.StatusEventArgs"/> class.
            </summary>
            <param name="task">The application task that can be used to track further progress of the status event.</param>
        </member>
        <member name="M:TeamProjectManager.Common.Events.StatusEventArgs.#ctor(System.String,System.String,System.Exception,System.Diagnostics.TraceEventType,TeamProjectManager.Common.Infrastructure.ApplicationTask)">
            <summary>
            Initializes a new instance of the <see cref="T:TeamProjectManager.Common.Events.StatusEventArgs"/> class.
            </summary>
            <param name="message">The status message.</param>
            <param name="details">The status details.</param>
            <param name="exception">The exception that occurred, if any.</param>
            <param name="eventType">The type of event.</param>
            <param name="task">The application task that can be used to track further progress of the status event.</param>
        </member>
        <member name="T:TeamProjectManager.Common.Events.TeamProjectSelectionChangedEvent">
            <summary>
            Defines the event that is raised when the selected Team Projects changed.
            </summary>
        </member>
        <member name="T:TeamProjectManager.Common.Events.TeamProjectSelectionChangedEventArgs">
            <summary>
            Defines the event arguments for Team Project selection change events.
            </summary>
        </member>
        <member name="P:TeamProjectManager.Common.Events.TeamProjectSelectionChangedEventArgs.SelectedTeamProjects">
            <summary>
            Gets the Team Projects that have been selected.
            </summary>
        </member>
        <member name="M:TeamProjectManager.Common.Events.TeamProjectSelectionChangedEventArgs.#ctor(System.Collections.Generic.ICollection{TeamProjectManager.Common.TeamProjectInfo})">
            <summary>
            Initializes a new instance of the <see cref="T:TeamProjectManager.Common.Events.TeamProjectSelectionChangedEventArgs"/> class.
            </summary>
            <param name="selectedTeamProjects">The Team Projects that have been selected.</param>
        </member>
        <member name="T:TeamProjectManager.Common.Events.LogMessagePublishedEvent">
            <summary>
            Defines the event that is raised when a log message is published.
            </summary>
        </member>
        <member name="T:TeamProjectManager.Common.Infrastructure.ApplicationTask">
            <summary>
             A task executing within an application that can track status, progress and errors.
            </summary>
        </member>
        <member name="P:TeamProjectManager.Common.Infrastructure.ApplicationTask.Name">
            <summary>
            Gets or sets the name of the task.
            </summary>
        </member>
        <member name="F:TeamProjectManager.Common.Infrastructure.ApplicationTask.NameProperty">
            <summary>
            The definition for the <see cref="P:TeamProjectManager.Common.Infrastructure.ApplicationTask.Name"/> observable property.
            </summary>
        </member>
        <member name="P:TeamProjectManager.Common.Infrastructure.ApplicationTask.Status">
            <summary>
            Gets or sets the status of the task.
            </summary>
        </member>
        <member name="F:TeamProjectManager.Common.Infrastructure.ApplicationTask.StatusProperty">
            <summary>
            The definition for the <see cref="P:TeamProjectManager.Common.Infrastructure.ApplicationTask.Status"/> observable property.
            </summary>
        </member>
        <member name="P:TeamProjectManager.Common.Infrastructure.ApplicationTask.PercentComplete">
            <summary>
            Gets or sets the percentage this task has completed.
            </summary>
        </member>
        <member name="F:TeamProjectManager.Common.Infrastructure.ApplicationTask.PercentCompleteProperty">
            <summary>
            The definition for the <see cref="P:TeamProjectManager.Common.Infrastructure.ApplicationTask.PercentComplete"/> observable property.
            </summary>
        </member>
        <member name="P:TeamProjectManager.Common.Infrastructure.ApplicationTask.IsComplete">
            <summary>
            Gets or sets a value that determines if this task has completed.
            </summary>
        </member>
        <member name="F:TeamProjectManager.Common.Infrastructure.ApplicationTask.IsCompleteProperty">
            <summary>
            The definition for the <see cref="P:TeamProjectManager.Common.Infrastructure.ApplicationTask.IsComplete"/> observable property.
            </summary>
        </member>
        <member name="P:TeamProjectManager.Common.Infrastructure.ApplicationTask.TimeCompleted">
            <summary>
            Gets or sets the time the task completed.
            </summary>
        </member>
        <member name="F:TeamProjectManager.Common.Infrastructure.ApplicationTask.TimeCompletedProperty">
            <summary>
            The definition for the <see cref="P:TeamProjectManager.Common.Infrastructure.ApplicationTask.TimeCompleted"/> observable property.
            </summary>
        </member>
        <member name="P:TeamProjectManager.Common.Infrastructure.ApplicationTask.StatusHistory">
            <summary>
            Gets or sets the history of statuses for this task.
            </summary>
        </member>
        <member name="F:TeamProjectManager.Common.Infrastructure.ApplicationTask.StatusHistoryProperty">
            <summary>
            The definition for the <see cref="P:TeamProjectManager.Common.Infrastructure.ApplicationTask.StatusHistory"/> observable property.
            </summary>
        </member>
        <member name="P:TeamProjectManager.Common.Infrastructure.ApplicationTask.IsWarning">
            <summary>
            Gets a value that determines if this task is in a warning state.
            </summary>
        </member>
        <member name="F:TeamProjectManager.Common.Infrastructure.ApplicationTask.IsWarningProperty">
            <summary>
            The definition for the <see cref="P:TeamProjectManager.Common.Infrastructure.ApplicationTask.IsWarning"/> observable property.
            </summary>
        </member>
        <member name="P:TeamProjectManager.Common.Infrastructure.ApplicationTask.IsError">
            <summary>
            Gets a value that determines if this task is in an error state.
            </summary>
        </member>
        <member name="F:TeamProjectManager.Common.Infrastructure.ApplicationTask.IsErrorProperty">
            <summary>
            The definition for the <see cref="P:TeamProjectManager.Common.Infrastructure.ApplicationTask.IsError"/> observable property.
            </summary>
        </member>
        <member name="P:TeamProjectManager.Common.Infrastructure.ApplicationTask.TotalSteps">
            <summary>
            Gets the total number of steps to be completed in this task.
            </summary>
        </member>
        <member name="F:TeamProjectManager.Common.Infrastructure.ApplicationTask.TotalStepsProperty">
            <summary>
            The definition for the <see cref="P:TeamProjectManager.Common.Infrastructure.ApplicationTask.TotalSteps"/> observable property.
            </summary>
        </member>
        <member name="P:TeamProjectManager.Common.Infrastructure.ApplicationTask.CurrentStep">
            <summary>
            Gets the current step.
            </summary>
        </member>
        <member name="F:TeamProjectManager.Common.Infrastructure.ApplicationTask.CurrentStepProperty">
            <summary>
            The definition for the <see cref="P:TeamProjectManager.Common.Infrastructure.ApplicationTask.CurrentStep"/> observable property.
            </summary>
        </member>
        <member name="P:TeamProjectManager.Common.Infrastructure.ApplicationTask.CanCancel">
            <summary>
            Gets a value that determines if this task can be canceled.
            </summary>
        </member>
        <member name="F:TeamProjectManager.Common.Infrastructure.ApplicationTask.CanCancelProperty">
            <summary>
            The definition for the <see cref="P:TeamProjectManager.Common.Infrastructure.ApplicationTask.CanCancel"/> observable property.
            </summary>
        </member>
        <member name="P:TeamProjectManager.Common.Infrastructure.ApplicationTask.IsCanceled">
            <summary>
            Gets a value that determines if this task was requested to be canceled.
            </summary>
        </member>
        <member name="F:TeamProjectManager.Common.Infrastructure.ApplicationTask.IsCanceledProperty">
            <summary>
            The definition for the <see cref="P:TeamProjectManager.Common.Infrastructure.ApplicationTask.IsCanceled"/> observable property.
            </summary>
        </member>
        <member name="M:TeamProjectManager.Common.Infrastructure.ApplicationTask.#ctor(System.String)">
            <summary>
            Initializes a new instance of the <see cref="T:TeamProjectManager.Common.Infrastructure.ApplicationTask"/> class.
            </summary>
            <param name="name">The name of this task.</param>
        </member>
        <member name="M:TeamProjectManager.Common.Infrastructure.ApplicationTask.#ctor(System.String,System.Nullable{System.Int32})">
            <summary>
            Initializes a new instance of the <see cref="T:TeamProjectManager.Common.Infrastructure.ApplicationTask"/> class.
            </summary>
            <param name="name">The name of this task.</param>
            <param name="totalSteps">The total number of steps to be completed in this task.</param>
        </member>
        <member name="M:TeamProjectManager.Common.Infrastructure.ApplicationTask.#ctor(System.String,System.Boolean)">
            <summary>
            Initializes a new instance of the <see cref="T:TeamProjectManager.Common.Infrastructure.ApplicationTask"/> class.
            </summary>
            <param name="name">The name of this task.</param>
            <param name="canCancel">A value that determines if this task can be canceled.</param>
        </member>
        <member name="M:TeamProjectManager.Common.Infrastructure.ApplicationTask.#ctor(System.String,System.Nullable{System.Int32},System.Boolean)">
            <summary>
            Initializes a new instance of the <see cref="T:TeamProjectManager.Common.Infrastructure.ApplicationTask"/> class.
            </summary>
            <param name="name">The name of this task.</param>
            <param name="totalSteps">The total number of steps to be completed in this task.</param>
            <param name="canCancel">A value that determines if this task can be canceled.</param>
        </member>
        <member name="M:TeamProjectManager.Common.Infrastructure.ApplicationTask.SetProgress(System.Int32,System.String)">
            <summary>
            Sets the progress of this task.
            </summary>
            <param name="step">The current step this task has completed.</param>
            <param name="status">The current status of the task.</param>
        </member>
        <member name="M:TeamProjectManager.Common.Infrastructure.ApplicationTask.SetProgressForCurrentStep(System.Double)">
            <summary>
            Sets the incremental progress of the current step.
            </summary>
            <param name="stepPercentComplete">The percentage the current step has completed.</param>
        </member>
        <member name="M:TeamProjectManager.Common.Infrastructure.ApplicationTask.SetProgressForCurrentStep(System.Double,System.String)">
            <summary>
            Sets the incremental progress of the current step.
            </summary>
            <param name="stepPercentComplete">The percentage the current step has completed.</param>
            <param name="status">The current status of the task.</param>
        </member>
        <member name="M:TeamProjectManager.Common.Infrastructure.ApplicationTask.SetProgress(System.Double,System.String)">
            <summary>
            Sets the progress of this task.
            </summary>
            <param name="percentComplete">The percentage this task has completed.</param>
            <param name="status">The current status of the task.</param>
        </member>
        <member name="M:TeamProjectManager.Common.Infrastructure.ApplicationTask.SetComplete">
            <summary>
            Marks this task complete.
            </summary>
        </member>
        <member name="M:TeamProjectManager.Common.Infrastructure.ApplicationTask.SetComplete(System.String)">
            <summary>
            Marks this task complete.
            </summary>
            <param name="completedMessage">The completed message.</param>
        </member>
        <member name="M:TeamProjectManager.Common.Infrastructure.ApplicationTask.SetWarning">
            <summary>
            Sets this task in a warning state.
            </summary>
        </member>
        <member name="M:TeamProjectManager.Common.Infrastructure.ApplicationTask.SetWarning(System.String)">
            <summary>
            Sets this task in a warning state.
            </summary>
            <param name="warningMessage">The warning message.</param>
        </member>
        <member name="M:TeamProjectManager.Common.Infrastructure.ApplicationTask.SetWarning(System.Exception)">
            <summary>
            Sets this task in a warning state.
            </summary>
            <param name="exception">The exception that caused the warning.</param>
        </member>
        <member name="M:TeamProjectManager.Common.Infrastructure.ApplicationTask.SetWarning(System.String,System.Exception)">
            <summary>
            Sets this task in a warning state.
            </summary>
            <param name="warningMessage">The warning message.</param>
            <param name="exception">The exception that caused the warning.</param>
        </member>
        <member name="M:TeamProjectManager.Common.Infrastructure.ApplicationTask.SetError">
            <summary>
            Marks this task as in error.
            </summary>
        </member>
        <member name="M:TeamProjectManager.Common.Infrastructure.ApplicationTask.SetError(System.String)">
            <summary>
            Marks this task as in error.
            </summary>
            <param name="errorMessage">The error message.</param>
        </member>
        <member name="M:TeamProjectManager.Common.Infrastructure.ApplicationTask.SetError(System.Exception)">
            <summary>
            Marks this task as in error.
            </summary>
            <param name="exception">The exception that caused the error.</param>
        </member>
        <member name="M:TeamProjectManager.Common.Infrastructure.ApplicationTask.SetError(System.String,System.Exception)">
            <summary>
            Marks this task as in error.
            </summary>
            <param name="errorMessage">The error message.</param>
            <param name="exception">The exception that caused the error.</param>
        </member>
        <member name="M:TeamProjectManager.Common.Infrastructure.ApplicationTask.RequestCancel">
            <summary>
            Requests that this task is canceled.
            </summary>
        </member>
        <member name="M:TeamProjectManager.Common.Infrastructure.ApplicationTask.OnStatusChanged(TeamProjectManager.Common.ObjectModel.ObservableObject,TeamProjectManager.Common.ObjectModel.ObservablePropertyChangedEventArgs{System.String})">
            <summary>
            Called when the status property changed.
            </summary>
            <param name="sender">The sender.</param>
            <param name="e">The <see cref="T:TeamProjectManager.Common.ObjectModel.ObservablePropertyChangedEventArgs`1"/> instance containing the event data.</param>
        </member>
        <member name="E:TeamProjectManager.Common.Infrastructure.ApplicationTask.StatusChanged">
            <summary>
            Occurs when the task's status has changed.
            </summary>
        </member>
        <member name="M:TeamProjectManager.Common.Infrastructure.ApplicationTask.OnStatusChanged(System.EventArgs)">
            <summary>
            Raises the <see cref="E:StatusChanged"/> event.
            </summary>
            <param name="e">The <see cref="T:System.EventArgs"/> instance containing the event data.</param>
        </member>
        <member name="T:TeamProjectManager.Common.Infrastructure.FileSystem">
            <summary>
            Provides helper methods for files.
            </summary>
        </member>
        <member name="M:TeamProjectManager.Common.Infrastructure.FileSystem.IsBlockedFile(System.String)">
            <summary>
            Determines if the specified file has been blocked by Windows because it comes from an untrusted source (e.g. it was downloaded).
            </summary>
            <param name="fileName">The full path of the file to verify.</param>
            <returns><see langword="true"/> if the file has been blocked by Windows, <see langword="false"/> otherwise.</returns>
        </member>
        <member name="M:TeamProjectManager.Common.Infrastructure.FileSystem.UnblockFile(System.String)">
            <summary>
            Unblocks the specified file if it has been blocked by Windows because it comes from an untrusted source (e.g. it was downloaded).
            </summary>
            <param name="fileName">The full path of the file to unblock.</param>
            <returns><see langword="true"/> if the file was unblocked, <see langword="false"/> otherwise (e.g. if the file did not exist or was not blocked).</returns>
        </member>
        <member name="T:TeamProjectManager.Common.Infrastructure.FindProvider">
            <summary>
            Provides attached properties to enable Find commands on text boxes.
            </summary>
        </member>
        <member name="M:TeamProjectManager.Common.Infrastructure.FindProvider.GetFindEnabled(System.Windows.FrameworkElement)">
            <summary>
            Gets a value that determines if find is enabled on the <see cref="T:System.Windows.UIElement"/>.
            </summary>
            <param name="target">The <see cref="T:System.Windows.UIElement"/> to get the value for.</param>
            <returns>A value that determines if find is enabled.</returns>
        </member>
        <member name="M:TeamProjectManager.Common.Infrastructure.FindProvider.SetFindEnabled(System.Windows.FrameworkElement,System.Boolean)">
            <summary>
            Sets a value that determines if find is enabled on the <see cref="T:System.Windows.UIElement"/>
            </summary>
            <param name="target">The <see cref="T:System.Windows.UIElement"/> to set the value for.</param>
            <param name="value">A value that determines if find is enabled.</param>
        </member>
        <member name="F:TeamProjectManager.Common.Infrastructure.FindProvider.FindEnabledProperty">
            <summary>
            Identifies the FindEnabled attached property.
            </summary>
        </member>
        <member name="M:TeamProjectManager.Common.Infrastructure.FindProvider.GetTextToFind(System.Windows.UIElement)">
            <summary>
            Gets the text to find associated with the <see cref="T:System.Windows.UIElement"/>.
            </summary>
            <param name="target">The <see cref="T:System.Windows.UIElement"/> to get the text to find for.</param>
            <returns>The text to find to get.</returns>
        </member>
        <member name="M:TeamProjectManager.Common.Infrastructure.FindProvider.SetTextToFind(System.Windows.UIElement,System.String)">
            <summary>
            Sets the text to find associated with the <see cref="T:System.Windows.UIElement"/>.
            </summary>
            <param name="target">The <see cref="T:System.Windows.UIElement"/> to set the text to find for.</param>
            <param name="value">The text to find to set.</param>
        </member>
        <member name="F:TeamProjectManager.Common.Infrastructure.FindProvider.TextToFindProperty">
            <summary>
            Identifies the TextToFind attached property.
            </summary>
        </member>
        <member name="T:TeamProjectManager.Common.Infrastructure.HelpContentEventArgs">
            <summary>
            Provides event arguments for help content.
            </summary>
        </member>
        <member name="P:TeamProjectManager.Common.Infrastructure.HelpContentEventArgs.HelpContent">
            <summary>
            Gets the help content.
            </summary>
        </member>
        <member name="M:TeamProjectManager.Common.Infrastructure.HelpContentEventArgs.#ctor(System.Object)">
            <summary>
            Initializes a new instance of the <see cref="T:TeamProjectManager.Common.Infrastructure.HelpContentEventArgs"/> class.
            </summary>
            <param name="helpContent">The help content.</param>
        </member>
        <member name="T:TeamProjectManager.Common.Infrastructure.HelpProvider">
            <summary>
            Provides attached properties to show help content when UI elements are focused.
            </summary>
        </member>
        <member name="M:TeamProjectManager.Common.Infrastructure.HelpProvider.GetHelpContent(System.Windows.UIElement)">
            <summary>
            Gets the help content associated with the <see cref="T:System.Windows.UIElement"/>.
            </summary>
            <param name="target">The <see cref="T:System.Windows.UIElement"/> to get the help content for.</param>
            <returns>The help content to get.</returns>
        </member>
        <member name="M:TeamProjectManager.Common.Infrastructure.HelpProvider.SetHelpContent(System.Windows.UIElement,System.Object)">
            <summary>
            Sets the help content associated with the <see cref="T:System.Windows.UIElement"/>.
            </summary>
            <param name="target">The <see cref="T:System.Windows.UIElement"/> to set the help content for.</param>
            <param name="content">The help content to set.</param>
        </member>
        <member name="F:TeamProjectManager.Common.Infrastructure.HelpProvider.HelpContentProperty">
            <summary>
            Identifies the Content attached property.
            </summary>
        </member>
        <member name="E:TeamProjectManager.Common.Infrastructure.HelpProvider.HelpContentUpdateRequested">
            <summary>
            Raised when the help content should change.
            </summary>
        </member>
        <member name="T:TeamProjectManager.Common.Infrastructure.ILogger">
            <summary>
            Defines a logger.
            </summary>
        </member>
        <member name="M:TeamProjectManager.Common.Infrastructure.ILogger.Log(System.String,System.Exception)">
            <summary>
            Logs a message that an exception occurred.
            </summary>
            <param name="message">The message.</param>
            <param name="exception">The exception that occurred.</param>
        </member>
        <member name="M:TeamProjectManager.Common.Infrastructure.ILogger.Log(System.String,System.Exception,System.Diagnostics.TraceEventType)">
            <summary>
            Logs a message that an exception occurred.
            </summary>
            <param name="message">The message.</param>
            <param name="exception">The exception that occurred.</param>
            <param name="eventType">The type of event.</param>
        </member>
        <member name="M:TeamProjectManager.Common.Infrastructure.ILogger.Log(System.String,System.Diagnostics.TraceEventType)">
            <summary>
            Logs a message.
            </summary>
            <param name="message">The message.</param>
            <param name="eventType">The type of event.</param>
        </member>
        <member name="M:TeamProjectManager.Common.Infrastructure.ILogger.Log(System.String,System.Diagnostics.TraceEventType,System.String)">
            <summary>
            Logs a message.
            </summary>
            <param name="message">The message.</param>
            <param name="eventType">The type of event.</param>
            <param name="details">The details.</param>
        </member>
        <member name="M:TeamProjectManager.Common.Infrastructure.ILogger.Log(TeamProjectManager.Common.Infrastructure.LogMessage)">
            <summary>
            Logs a message.
            </summary>
            <param name="logMessage">The log message.</param>
        </member>
        <member name="T:TeamProjectManager.Common.Infrastructure.Network">
            <summary>
            Provides network information.
            </summary>
        </member>
        <member name="M:TeamProjectManager.Common.Infrastructure.Network.IsAvailable">
            <summary>
            Determines if a network connection is available.
            </summary>
            <returns><see langword="true"/> if a network connection is available; <see langword="false"/> otherwise.</returns>
        </member>
        <member name="T:TeamProjectManager.Common.Infrastructure.SerializationProvider">
            <summary>
            Provides serialization services.
            </summary>
        </member>
        <member name="M:TeamProjectManager.Common.Infrastructure.SerializationProvider.Read``1(System.String)">
            <summary>
            Reads a serialized object from a file.
            </summary>
            <typeparam name="T">The type of the object to read.</typeparam>
            <param name="fileName">The file name of the serialized object.</param>
            <returns>The deserialized object.</returns>
        </member>
        <member name="M:TeamProjectManager.Common.Infrastructure.SerializationProvider.Write``1(``0,System.String)">
            <summary>
            Writes a serialized object to a file.
            </summary>
            <typeparam name="T">The type of the object to write.</typeparam>
            <param name="obj">The object to serialize.</param>
            <param name="fileName">The file name of the serialized object.</param>
        </member>
        <member name="M:TeamProjectManager.Common.Infrastructure.SerializationProvider.Write``1(``0,System.String,System.Boolean)">
            <summary>
            Writes a serialized object to a file.
            </summary>
            <typeparam name="T">The type of the object to write.</typeparam>
            <param name="obj">The object to serialize.</param>
            <param name="fileName">The file name of the serialized object.</param>
            <param name="preserveObjectReferences"><see langword="true"/> to use non-standard XML constructs to preserve object reference data; otherwise, <see langword="false"/>.</param>
        </member>
        <member name="M:TeamProjectManager.Common.Infrastructure.SerializationProvider.Clone``1(``0)">
            <summary>
            Creates a deep clone of an object by serializing and deserializing it.
            </summary>
            <typeparam name="T">The type of the object to clone.</typeparam>
            <param name="obj">The object to clone.</param>
            <returns>A deep clone of the object.</returns>
        </member>
        <member name="M:TeamProjectManager.Common.Infrastructure.SerializationProvider.WriteToString``1(``0)">
            <summary>
            Writes a serialized object to a string.
            </summary>
            <typeparam name="T">The type of the object to write.</typeparam>
            <param name="obj">The object to serialize.</param>
            <returns>The serialized string.</returns>
        </member>
        <member name="M:TeamProjectManager.Common.Infrastructure.SerializationProvider.WriteToString``1(``0,System.Boolean)">
            <summary>
            Writes a serialized object to a string.
            </summary>
            <typeparam name="T">The type of the object to write.</typeparam>
            <param name="obj">The object to serialize.</param>
            <param name="preserveObjectReferences"><see langword="true"/> to use non-standard XML constructs to preserve object reference data; otherwise, <see langword="false"/>.</param>
            <returns>The serialized string.</returns>
        </member>
        <member name="M:TeamProjectManager.Common.Infrastructure.SerializationProvider.ReadFromString``1(System.String)">
            <summary>
            Reads a serialized object from a string.
            </summary>
            <typeparam name="T">The type of the object to read.</typeparam>
            <param name="serializedInstance">The serialized object.</param>
            <returns>The deserialized object.</returns>
        </member>
        <member name="T:TeamProjectManager.Common.Infrastructure.ViewModelBase">
            <summary>
            A base class for view models.
            </summary>
        </member>
        <member name="P:TeamProjectManager.Common.Infrastructure.ViewModelBase.Dispatcher">
            <summary>
            The dispatcher to use when executing actions on the UI thread.
            </summary>
        </member>
        <member name="P:TeamProjectManager.Common.Infrastructure.ViewModelBase.EventAggregator">
            <summary>
            The event aggregator that can be used to publish and subscribe to loosely coupled events.
            </summary>
        </member>
        <member name="P:TeamProjectManager.Common.Infrastructure.ViewModelBase.Logger">
            <summary>
            The logger that can be used to publish log messages to.
            </summary>
        </member>
        <member name="P:TeamProjectManager.Common.Infrastructure.ViewModelBase.Info">
            <summary>
            The information about the current view model.
            </summary>
        </member>
        <member name="P:TeamProjectManager.Common.Infrastructure.ViewModelBase.SelectedTeamProjectCollection">
            <summary>
            Gets the currently selected Team Project Collection.
            </summary>
        </member>
        <member name="F:TeamProjectManager.Common.Infrastructure.ViewModelBase.SelectedTeamProjectCollectionProperty">
            <summary>
            The definition of the <see cref="P:TeamProjectManager.Common.Infrastructure.ViewModelBase.SelectedTeamProjectCollection"/> observable property.
            </summary>
        </member>
        <member name="P:TeamProjectManager.Common.Infrastructure.ViewModelBase.SelectedTeamProjects">
            <summary>
            Gets the currently selected Team Projects.
            </summary>
        </member>
        <member name="F:TeamProjectManager.Common.Infrastructure.ViewModelBase.SelectedTeamProjectsProperty">
            <summary>
            The definition of the <see cref="P:TeamProjectManager.Common.Infrastructure.ViewModelBase.SelectedTeamProjects"/> observable property.
            </summary>
        </member>
        <member name="P:TeamProjectManager.Common.Infrastructure.ViewModelBase.TfsUnsupportedVisibility">
            <summary>
            Gets the visibility of UI elements that should be shown in case the currently selected Team Foundation Server is unsupported.
            </summary>
        </member>
        <member name="F:TeamProjectManager.Common.Infrastructure.ViewModelBase.TfsUnsupportedVisibilityProperty">
            <summary>
            The definition of the <see cref="P:TeamProjectManager.Common.Infrastructure.ViewModelBase.TfsUnsupportedVisibility"/> observable property.
            </summary>
        </member>
        <member name="P:TeamProjectManager.Common.Infrastructure.ViewModelBase.TfsSupportedVisibility">
            <summary>
            Gets the visibility of UI elements that should be shown in case the currently selected Team Foundation Server is supported.
            </summary>
        </member>
        <member name="F:TeamProjectManager.Common.Infrastructure.ViewModelBase.TfsSupportedVisibilityProperty">
            <summary>
            The definition of the <see cref="P:TeamProjectManager.Common.Infrastructure.ViewModelBase.TfsSupportedVisibility"/> observable property.
            </summary>
        </member>
        <member name="M:TeamProjectManager.Common.Infrastructure.ViewModelBase.#ctor(Microsoft.Practices.Prism.Events.IEventAggregator,TeamProjectManager.Common.Infrastructure.ILogger,System.String)">
            <summary>
            Initializes a new instance of the <see cref="T:TeamProjectManager.Common.Infrastructure.ViewModelBase"/> class.
            </summary>
            <param name="eventAggregator">The event aggregator that can be used to publish and subscribe to loosely coupled events.</param>
            <param name="logger">The logger that can be used to publish log messages to.</param>
            <param name="title">The title of the view to be shown in the UI.</param>
        </member>
        <member name="M:TeamProjectManager.Common.Infrastructure.ViewModelBase.#ctor(Microsoft.Practices.Prism.Events.IEventAggregator,TeamProjectManager.Common.Infrastructure.ILogger,System.String,System.String)">
            <summary>
            Initializes a new instance of the <see cref="T:TeamProjectManager.Common.Infrastructure.ViewModelBase"/> class.
            </summary>
            <param name="eventAggregator">The event aggregator that can be used to publish and subscribe to loosely coupled events.</param>
            <param name="logger">The logger that can be used to publish log messages to.</param>
            <param name="title">The title of the view to be shown in the UI.</param>
            <param name="description">The description associated with the view.</param>
        </member>
        <member name="M:TeamProjectManager.Common.Infrastructure.ViewModelBase.PublishStatus(TeamProjectManager.Common.Events.StatusEventArgs)">
            <summary>
            Publishes a status event.
            </summary>
            <param name="status">The status event arguments.</param>
        </member>
        <member name="M:TeamProjectManager.Common.Infrastructure.ViewModelBase.ExecuteUIAction(System.Action)">
            <summary>
            Synchronously executes an action on the UI thread.
            </summary>
            <param name="action">The action to execute.</param>
        </member>
        <member name="M:TeamProjectManager.Common.Infrastructure.ViewModelBase.ExecuteUIActionAsync(System.Action)">
            <summary>
            Asynchronously executes an action on the UI thread.
            </summary>
            <param name="action">The action to execute.</param>
        </member>
        <member name="M:TeamProjectManager.Common.Infrastructure.ViewModelBase.OnSelectedTeamProjectCollectionChanged">
            <summary>
            Called when the selected Team Project Collection changed.
            </summary>
            <remarks>
            Override this to handle any logic that must run when the Team Project Collection changed.
            </remarks>
        </member>
        <member name="M:TeamProjectManager.Common.Infrastructure.ViewModelBase.OnSelectedTeamProjectsChanged">
            <summary>
            Called when the selected Team Projects changed.
            </summary>
            <remarks>
            Override this to handle any logic that must run when the Team Projects changed.
            </remarks>
        </member>
        <member name="M:TeamProjectManager.Common.Infrastructure.ViewModelBase.IsTfsSupported(TeamProjectManager.Common.TeamFoundationServerInfo)">
            <summary>
            Determines if the provided Team Foundation Server is supported by this view model.
            </summary>
            <param name="server">The Team Foundation Server for which to determine if it is supported.</param>
            <returns><see langword="true"/> if the Team Foundation Server is supported; <see langword="false"/> otherwise.</returns>
        </member>
        <member name="M:TeamProjectManager.Common.Infrastructure.ViewModelBase.GetNumberOfSelectedTeamProjects">
            <summary>
            Returns the number of currently selected Team Projects.
            </summary>
            <returns></returns>
        </member>
        <member name="M:TeamProjectManager.Common.Infrastructure.ViewModelBase.IsAnyTeamProjectSelected">
            <summary>
            Determines if any Team Project has been selected.
            </summary>
            <returns><see langword="true"/> if any Team Project has been selected; <see langword="false"/> otherwise.</returns>
        </member>
        <member name="M:TeamProjectManager.Common.Infrastructure.ViewModelBase.GetSelectedTfsTeamProjectCollection">
            <summary>
            Gets the Team Project Collection instance for the currently selected Team Project Collection.
            </summary>
            <returns>The Team Project Collection instance for the currently selected Team Project Collection.</returns>
        </member>
        <member name="M:TeamProjectManager.Common.Infrastructure.ViewModelBase.GetTfsTeamProjectCollection(System.Uri)">
            <summary>
            Gets the Team Project Collection instance for the specified URI.
            </summary>
            <param name="uri">The URI of the Team Project Collection.</param>
            <returns>The Team Project Collection instance for the specified URI.</returns>
        </member>
        <member name="T:TeamProjectManager.Common.Infrastructure.StringExtensions">
            <summary>
            Provides extension methods for the <see cref="T:System.String"/> type.
            </summary>
        </member>
        <member name="M:TeamProjectManager.Common.Infrastructure.StringExtensions.ToDisplayString(System.Int64)">
            <summary>
            Gets the number of bytes as a string.
            </summary>
            <param name="bytes">The number of bytes.</param>
            <returns>The size in kilobytes or megabytes of the given number of bytes, with 2 decimal places.</returns>
        </member>
        <member name="M:TeamProjectManager.Common.Infrastructure.StringExtensions.ToPercentageString(System.Double)">
            <summary>
            Gets the value formatted as a percentage.
            </summary>
            <param name="percentage">The percentage to format.</param>
            <returns>The value formatted as a percentage (where 1 is 100%), with no decimal places.</returns>
        </member>
        <member name="M:TeamProjectManager.Common.Infrastructure.StringExtensions.Pluralize(System.String,System.Int32)">
            <summary>
            Pluralizes the specified string if needed, i.e. if the specified count is not equal to 1.
            </summary>
            <param name="singular">The singular version of the string.</param>
            <param name="count">The number of items.</param>
            <returns>The singular version of the string if count is equal to 1, the plural version otherwise.</returns>
        </member>
        <member name="M:TeamProjectManager.Common.Infrastructure.StringExtensions.ToCountString(System.Int32,System.String)">
            <summary>
            Gets the count formatted as a string.
            </summary>
            <param name="count">The number of items.</param>
            <param name="singular">The singular version of the string describing an item.</param>
            <returns>A string that consists of the count followed by the optionally pluralized description.</returns>
        </member>
        <member name="M:TeamProjectManager.Common.Infrastructure.StringExtensions.ToCountString(System.Int32,System.String,System.String)">
            <summary>
            Gets the count formatted as a string.
            </summary>
            <param name="count">The number of items.</param>
            <param name="singular">The singular version of the string describing an item.</param>
            <param name="prefix">The prefix.</param>
            <returns>A string that consists of the prefix, then the count followed by the optionally pluralized description.</returns>
        </member>
        <member name="M:TeamProjectManager.Common.Infrastructure.StringExtensions.ToCountString(System.Int32,System.String,System.String,System.String)">
            <summary>
            Gets the count formatted as a string.
            </summary>
            <param name="count">The number of items.</param>
            <param name="singular">The singular version of the string describing an item.</param>
            <param name="prefix">The prefix.</param>
            <param name="postfix">The postfix.</param>
            <returns>A string that consists of the prefix, then the count followed by the optionally pluralized description, and then the postfix.</returns>
        </member>
        <member name="M:TeamProjectManager.Common.Infrastructure.StringExtensions.Format(System.String,System.Object[])">
            <summary>
            Replaces the format item in a specified string with the string representation of a corresponding object in a specified array.
            </summary>
            <param name="format">A composite format string.</param>
            <param name="args">An object array that contains zero or more objects to format.</param>
            <returns>A copy of format in which the format items have been replaced by the string representation of the corresponding objects in args.</returns>
        </member>
        <member name="M:TeamProjectManager.Common.Infrastructure.StringExtensions.FormatCurrent(System.String,System.Object[])">
            <summary>
            Replaces the format item in a specified string with the string representation of a corresponding object in a specified array using the current culture.
            </summary>
            <param name="format">A composite format string.</param>
            <param name="args">An object array that contains zero or more objects to format.</param>
            <returns>A copy of format in which the format items have been replaced by the string representation of the corresponding objects in args.</returns>
        </member>
        <member name="M:TeamProjectManager.Common.Infrastructure.StringExtensions.FormatInvariant(System.String,System.Object[])">
            <summary>
            Replaces the format item in a specified string with the string representation of a corresponding object in a specified array using the invariant culture.
            </summary>
            <param name="format">A composite format string.</param>
            <param name="args">An object array that contains zero or more objects to format.</param>
            <returns>A copy of format in which the format items have been replaced by the string representation of the corresponding objects in args.</returns>
        </member>
        <member name="T:TeamProjectManager.Common.Infrastructure.ViewModelInfo">
            <summary>
            Provides information about a view model.
            </summary>
        </member>
        <member name="P:TeamProjectManager.Common.Infrastructure.ViewModelInfo.Title">
            <summary>
            Gets the title of the view to be shown in the UI.
            </summary>
        </member>
        <member name="P:TeamProjectManager.Common.Infrastructure.ViewModelInfo.Description">
            <summary>
            Gets the description associated with the view.
            </summary>
        </member>
        <member name="M:TeamProjectManager.Common.Infrastructure.ViewModelInfo.#ctor(System.String,System.String)">
            <summary>
            Initializes a new instance of the <see cref="T:TeamProjectManager.Common.Infrastructure.ViewModelInfo"/> class.
            </summary>
            <param name="title">The title of the view to be shown in the UI.</param>
            <param name="description">The description associated with the view.</param>
        </member>
        <member name="T:TeamProjectManager.Common.Infrastructure.WindowExtensions">
            <summary>
            Provides extension methods for windows.
            </summary>
        </member>
        <member name="M:TeamProjectManager.Common.Infrastructure.WindowExtensions.GetIWin32Window(System.Windows.Media.Visual)">
            <summary>
            Gets the <see cref="T:System.Windows.Forms.IWin32Window"/> that represents the specified visual.
            </summary>
            <param name="visual">The visual for which to retrieve the <see cref="T:System.Windows.Forms.IWin32Window"/>.</param>
            <returns>The <see cref="T:System.Windows.Forms.IWin32Window"/> that represents the specified visual.</returns>
        </member>
        <member name="T:TeamProjectManager.Common.Infrastructure.LogMessage">
            <summary>
            Defines a log message.
            </summary>
        </member>
        <member name="P:TeamProjectManager.Common.Infrastructure.LogMessage.Message">
            <summary>
            The message.
            </summary>
        </member>
        <member name="P:TeamProjectManager.Common.Infrastructure.LogMessage.Details">
            <summary>
            The details.
            </summary>
        </member>
        <member name="P:TeamProjectManager.Common.Infrastructure.LogMessage.EventType">
            <summary>
            The type of event.
            </summary>
        </member>
        <member name="M:TeamProjectManager.Common.Infrastructure.LogMessage.#ctor(System.String,System.String,System.Diagnostics.TraceEventType)">
            <summary>
            Initializes a new instance of the <see cref="T:TeamProjectManager.Common.Infrastructure.LogMessage"/> class.
            </summary>
            <param name="message">The message.</param>
            <param name="details">The details.</param>
            <param name="eventType">The type of event.</param>
        </member>
        <member name="T:TeamProjectManager.Common.Infrastructure.LogMessageEventArgs">
            <summary>
            Defines event arguments for log message events.
            </summary>
        </member>
        <member name="P:TeamProjectManager.Common.Infrastructure.LogMessageEventArgs.LogMessage">
            <summary>
            Gets the log message.
            </summary>
        </member>
        <member name="M:TeamProjectManager.Common.Infrastructure.LogMessageEventArgs.#ctor(TeamProjectManager.Common.Infrastructure.LogMessage)">
            <summary>
            Initializes a new instance of the <see cref="T:TeamProjectManager.Common.Infrastructure.LogMessageEventArgs"/> class.
            </summary>
            <param name="logMessage">The log message.</param>
        </member>
        <member name="T:TeamProjectManager.Common.Infrastructure.RelayCommand">
            <summary>
            Implements the ICommand interface by relaying the implementation to existing methods.
            </summary>
            <remarks>
            Thanks to Josh Smith for the basis for this code: http://msdn.microsoft.com/en-us/magazine/dd419663.aspx.
            </remarks>
        </member>
        <member name="P:TeamProjectManager.Common.Infrastructure.RelayCommand.Name">
            <summary>
            Gets the name of this command, as it should be displayed on the UI.
            </summary>
        </member>
        <member name="P:TeamProjectManager.Common.Infrastructure.RelayCommand.Description">
            <summary>
            Gets the description of this command, as it should be displayed on the UI.
            </summary>
        </member>
        <member name="P:TeamProjectManager.Common.Infrastructure.RelayCommand.InputGestures">
            <summary>
            Gets the input gestures associated with this command.
            </summary>
        </member>
        <member name="M:TeamProjectManager.Common.Infrastructure.RelayCommand.#ctor(System.Action{System.Object})">
            <summary>
            Initializes a new instance of the <see cref="T:TeamProjectManager.Common.Infrastructure.RelayCommand"/> class.
            </summary>
            <param name="execute">The execute action.</param>
        </member>
        <member name="M:TeamProjectManager.Common.Infrastructure.RelayCommand.#ctor(System.Action{System.Object},System.Predicate{System.Object})">
            <summary>
            Initializes a new instance of the <see cref="T:TeamProjectManager.Common.Infrastructure.RelayCommand"/> class.
            </summary>
            <param name="execute">The execute action.</param>
            <param name="canExecute">The can execute predicate.</param>
        </member>
        <member name="M:TeamProjectManager.Common.Infrastructure.RelayCommand.#ctor(System.Action{System.Object},System.Predicate{System.Object},System.String)">
            <summary>
            Initializes a new instance of the <see cref="T:TeamProjectManager.Common.Infrastructure.RelayCommand"/> class.
            </summary>
            <param name="execute">The execute action.</param>
            <param name="canExecute">The can execute predicate.</param>
            <param name="name">The name of the command.</param>
        </member>
        <member name="M:TeamProjectManager.Common.Infrastructure.RelayCommand.#ctor(System.Action{System.Object},System.Predicate{System.Object},System.String,System.String)">
            <summary>
            Initializes a new instance of the <see cref="T:TeamProjectManager.Common.Infrastructure.RelayCommand"/> class.
            </summary>
            <param name="execute">The execute action.</param>
            <param name="canExecute">The can execute predicate.</param>
            <param name="name">The name of the command.</param>
            <param name="description">The description of the command.</param>
        </member>
        <member name="M:TeamProjectManager.Common.Infrastructure.RelayCommand.#ctor(System.Action{System.Object},System.Predicate{System.Object},System.String,System.String,System.Windows.Input.InputGesture)">
            <summary>
            Initializes a new instance of the <see cref="T:TeamProjectManager.Common.Infrastructure.RelayCommand"/> class.
            </summary>
            <param name="execute">The execute action.</param>
            <param name="canExecute">The can execute predicate.</param>
            <param name="name">The name of the command.</param>
            <param name="description">The description of the command.</param>
            <param name="inputGesture">The input gesture for triggering the command.</param>
        </member>
        <member name="M:TeamProjectManager.Common.Infrastructure.RelayCommand.#ctor(System.Action{System.Object},System.Predicate{System.Object},System.String,System.String,System.Collections.Generic.IEnumerable{System.Windows.Input.InputGesture})">
            <summary>
            Initializes a new instance of the <see cref="T:TeamProjectManager.Common.Infrastructure.RelayCommand"/> class.
            </summary>
            <param name="execute">The execute action.</param>
            <param name="canExecute">The can execute predicate.</param>
            <param name="name">The name of the command.</param>
            <param name="description">The description of the command.</param>
            <param name="inputGestures">The input gestures for triggering the command.</param>
        </member>
        <member name="E:TeamProjectManager.Common.Infrastructure.RelayCommand.CanExecuteChanged">
            <summary>
            Occurs when changes occur that affect whether or not the command should execute.
            </summary>
        </member>
        <member name="M:TeamProjectManager.Common.Infrastructure.RelayCommand.CanExecute(System.Object)">
            <summary>
            Defines the method that determines whether the command can execute in its current state.
            </summary>
            <param name="parameter">Data used by the command.  If the command does not require data to be passed, this object can be set to null.</param>
            <returns><see langword="true"/> if this command can be executed; otherwise, <see langword="false"/>.</returns>
        </member>
        <member name="M:TeamProjectManager.Common.Infrastructure.RelayCommand.Execute(System.Object)">
            <summary>
            Defines the method to be called when the command is invoked.
            </summary>
            <param name="parameter">Data used by the command.  If the command does not require data to be passed, this object can be set to null.</param>
        </member>
        <member name="T:TeamProjectManager.Common.RegionNames">
            <summary>
            Provides constants for well-known region names in the Shell UI.
            </summary>
        </member>
        <member name="F:TeamProjectManager.Common.RegionNames.Modules">
            <summary>
            The region name for the modules.
            </summary>
        </member>
        <member name="T:TeamProjectManager.Common.ObjectModel.ObservableObject">
            <summary>
            A base class for objects that provides property change notifications, mostly to be used in conjunction with <see cref="T:TeamProjectManager.Common.ObjectModel.ObservableProperty`1"/> instances for properties.
            </summary>
            <remarks>
            One could argue that this is a lighterweight clone of WPF's DependencyObject and DependencyProperty infrastructure,
            and that would probably be correct. The reason this class and its associated classes exist is that DependencyProperties have
            a few drawbacks around threading and testability that are well explained by Kent Boogaart at http://kentb.blogspot.com/2009/03/view-models-pocos-versus.html.
            This implementation also removes the need for strings as property names by using lambda expressions so the properties can be safely refactored.
            </remarks>
        </member>
        <member name="M:TeamProjectManager.Common.ObjectModel.ObservableObject.#ctor">
            <summary>
            Initializes a new instance of the <see cref="T:TeamProjectManager.Common.ObjectModel.ObservableObject"/> class.
            </summary>
        </member>
        <member name="M:TeamProjectManager.Common.ObjectModel.ObservableObject.GetValue``1(TeamProjectManager.Common.ObjectModel.ObservableProperty{``0})">
            <summary>
            Gets the value of the specified property.
            </summary>
            <typeparam name="TProperty">The type of the property.</typeparam>
            <param name="property">The property.</param>
            <returns>The current value of the property.</returns>
        </member>
        <member name="M:TeamProjectManager.Common.ObjectModel.ObservableObject.SetValue``1(TeamProjectManager.Common.ObjectModel.ObservableProperty{``0},``0)">
            <summary>
            Sets the value of the specified property.
            </summary>
            <typeparam name="TProperty">The type of the property.</typeparam>
            <param name="property">The property.</param>
            <param name="value">The value to set.</param>
            <returns><see langword="true"/> if the property value has effectively changed, <see langword="false"/> otherwise.</returns>
        </member>
        <member name="E:TeamProjectManager.Common.ObjectModel.ObservableObject.ObservablePropertyChanged">
            <summary>
            Occurs when a property value changes.
            </summary>
        </member>
        <member name="M:TeamProjectManager.Common.ObjectModel.ObservableObject.OnObservablePropertyChanged(TeamProjectManager.Common.ObjectModel.ObservablePropertyChangedEventArgs)">
            <summary>
            Raises the <see cref="E:PropertyChanged"/> event.
            </summary>
            <param name="e">The <see cref="T:System.ComponentModel.PropertyChangedEventArgs"/> instance containing the event data.</param>
        </member>
        <member name="E:TeamProjectManager.Common.ObjectModel.ObservableObject.PropertyChanged">
            <summary>
            Occurs when a property value changes.
            </summary>
        </member>
        <member name="M:TeamProjectManager.Common.ObjectModel.ObservableObject.OnPropertyChanged(System.ComponentModel.PropertyChangedEventArgs)">
            <summary>
            Raises the <see cref="E:PropertyChanged"/> event.
            </summary>
            <param name="e">The <see cref="T:System.ComponentModel.PropertyChangedEventArgs"/> instance containing the event data.</param>
        </member>
        <member name="M:TeamProjectManager.Common.ObjectModel.ObservableObject.OnPropertyChanged(System.String)">
            <summary>
            Raises the <see cref="E:PropertyChanged"/> event.
            </summary>
            <param name="propertyName">The name of the property that changed.</param>
        </member>
        <member name="T:TeamProjectManager.Common.ObjectModel.ObservableProperty">
            <summary>
            A property that can be observed for changed values.
            </summary>
        </member>
        <member name="P:TeamProjectManager.Common.ObjectModel.ObservableProperty.Name">
            <summary>
            Gets the name of the property.
            </summary>
        </member>
        <member name="M:TeamProjectManager.Common.ObjectModel.ObservableProperty.#ctor">
            <summary>
            Initializes a new instance of the <see cref="T:TeamProjectManager.Common.ObjectModel.ObservableProperty"/> class.
            </summary>
        </member>
        <member name="T:TeamProjectManager.Common.ObjectModel.ObservableProperty`1">
            <summary>
            A property that can be observed for changed values.
            </summary>
            <typeparam name="TProperty">The type of the property.</typeparam>
        </member>
        <member name="P:TeamProjectManager.Common.ObjectModel.ObservableProperty`1.DefaultValue">
            <summary>
            Gets the default value of the property.
            </summary>
        </member>
        <member name="P:TeamProjectManager.Common.ObjectModel.ObservableProperty`1.PropertyChangedCallback">
            <summary>
            Gets the callback method to invoke when the property value has changed.
            </summary>
        </member>
        <member name="M:TeamProjectManager.Common.ObjectModel.ObservableProperty`1.#ctor">
            <summary>
            Initializes a new instance of the <see cref="T:TeamProjectManager.Common.ObjectModel.ObservableProperty`1"/> class.
            </summary>
        </member>
        <member name="T:TeamProjectManager.Common.ObjectModel.ObservableProperty`2">
            <summary>
            A property that can be observed for changed values.
            </summary>
            <typeparam name="TProperty">The type of the property.</typeparam>
            <typeparam name="TObservableObject">The type of the observable object that defines this property.</typeparam>
        </member>
        <member name="P:TeamProjectManager.Common.ObjectModel.ObservableProperty`2.PropertyInfo">
            <summary>
            Gets the information about the actual property encapsulated by this observable property.
            </summary>
        </member>
        <member name="M:TeamProjectManager.Common.ObjectModel.ObservableProperty`2.#ctor(System.Linq.Expressions.Expression{System.Func{`1,`0}})">
            <summary>
            Initializes a new instance of the <see cref="T:TeamProjectManager.Common.ObjectModel.ObservableProperty`2"/> class.
            </summary>
            <param name="property">An expression that defines the property.</param>
        </member>
        <member name="M:TeamProjectManager.Common.ObjectModel.ObservableProperty`2.#ctor(System.Linq.Expressions.Expression{System.Func{`1,`0}},`0)">
            <summary>
            Initializes a new instance of the <see cref="T:TeamProjectManager.Common.ObjectModel.ObservableProperty`2"/> class.
            </summary>
            <param name="property">An expression that defines the property.</param>
            <param name="defaultValue">The default value of the property.</param>
        </member>
        <member name="M:TeamProjectManager.Common.ObjectModel.ObservableProperty`2.#ctor(System.Linq.Expressions.Expression{System.Func{`1,`0}},TeamProjectManager.Common.ObjectModel.ObservablePropertyChangedCallback{`0})">
            <summary>
            Initializes a new instance of the <see cref="T:TeamProjectManager.Common.ObjectModel.ObservableProperty`2"/> class.
            </summary>
            <param name="property">The property.</param>
            <param name="propertyChangedCallback">The callback method to be invoked when the property value has changed.</param>
        </member>
        <member name="M:TeamProjectManager.Common.ObjectModel.ObservableProperty`2.#ctor(System.Linq.Expressions.Expression{System.Func{`1,`0}},`0,TeamProjectManager.Common.ObjectModel.ObservablePropertyChangedCallback{`0})">
            <summary>
            Initializes a new instance of the <see cref="T:TeamProjectManager.Common.ObjectModel.ObservableProperty`2"/> class.
            </summary>
            <param name="property">An expression that defines the property.</param>
            <param name="defaultValue">The default value of the property.</param>
            <param name="propertyChangedCallback">The callback method to be invoked when the property value has changed.</param>
        </member>
        <member name="T:TeamProjectManager.Common.ObjectModel.ObservablePropertyChangedCallback`1">
            <summary>
            Represents the callback that is invoked when the effective property value of a dependency property changes.
            </summary>
            <typeparam name="TProperty">The type of the property.</typeparam>
            <param name="sender">The <see cref="T:TeamProjectManager.Common.ObjectModel.ObservableObject"/> on which the property has changed value.</param>
            <param name="e">Event data that is issued by any event that tracks changes to the effective value of this property.</param>
        </member>
        <member name="T:TeamProjectManager.Common.ObjectModel.ObservablePropertyChangedEventArgs">
            <summary>
            Provides data for observable property changed events.
            </summary>
        </member>
        <member name="P:TeamProjectManager.Common.ObjectModel.ObservablePropertyChangedEventArgs.Property">
            <summary>
            Gets or sets the property that has changed.
            </summary>
        </member>
        <member name="M:TeamProjectManager.Common.ObjectModel.ObservablePropertyChangedEventArgs.#ctor(TeamProjectManager.Common.ObjectModel.ObservableProperty)">
            <summary>
            Initializes a new instance of the <see cref="T:TeamProjectManager.Common.ObjectModel.ObservablePropertyChangedEventArgs"/> class.
            </summary>
            <param name="property">The property that has changed.</param>
        </member>
        <member name="T:TeamProjectManager.Common.ObjectModel.ObservablePropertyChangedEventArgs`1">
            <summary>
            Provides data for observable property changed events.
            </summary>
            <typeparam name="TProperty">The type of the property.</typeparam>
        </member>
        <member name="P:TeamProjectManager.Common.ObjectModel.ObservablePropertyChangedEventArgs`1.OldValue">
            <summary>
            Gets or sets the old property value.
            </summary>
        </member>
        <member name="P:TeamProjectManager.Common.ObjectModel.ObservablePropertyChangedEventArgs`1.NewValue">
            <summary>
            Gets or sets the new property value.
            </summary>
        </member>
        <member name="M:TeamProjectManager.Common.ObjectModel.ObservablePropertyChangedEventArgs`1.#ctor(TeamProjectManager.Common.ObjectModel.ObservableProperty{`0},`0,`0)">
            <summary>
            Initializes a new instance of the <see cref="T:TeamProjectManager.Common.ObjectModel.ObservablePropertyChangedEventArgs`1"/> class.
            </summary>
            <param name="property">The property that has changed.</param>
            <param name="oldValue">The old property value.</param>
            <param name="newValue">The new property value.</param>
        </member>
        <member name="T:TeamProjectManager.Common.TeamFoundationServerInfo">
            <summary>
            Provides information about a Team Foundation Server.
            </summary>
        </member>
        <member name="P:TeamProjectManager.Common.TeamFoundationServerInfo.Name">
            <summary>
            Gets the name of the Team Foundation Server.
            </summary>
        </member>
        <member name="P:TeamProjectManager.Common.TeamFoundationServerInfo.Uri">
            <summary>
            Gets the URI of the Team Foundation Server.
            </summary>
        </member>
        <member name="P:TeamProjectManager.Common.TeamFoundationServerInfo.MajorVersion">
            <summary>
            Gets the major version of the Team Foundation Server.
            </summary>
        </member>
        <member name="P:TeamProjectManager.Common.TeamFoundationServerInfo.DisplayVersion">
            <summary>
            Gets the display version of the Team Foundation Server.
            </summary>
        </member>
        <member name="P:TeamProjectManager.Common.TeamFoundationServerInfo.ShortDisplayVersion">
            <summary>
            Gets the short display version of the Team Foundation Server.
            </summary>
        </member>
        <member name="M:TeamProjectManager.Common.TeamFoundationServerInfo.#ctor(System.String,System.Uri,TeamProjectManager.Common.TfsMajorVersion,System.String,System.String)">
            <summary>
            Initializes a new instance of the <see cref="T:TeamProjectManager.Common.TeamFoundationServerInfo"/> class.
            </summary>
            <param name="name">The name of the Team Foundation Server.</param>
            <param name="uri">The URI of the Team Foundation Server.</param>
            <param name="majorVersion">The major version of the Team Foundation Server.</param>
            <param name="displayVersion">The display version of the Team Foundation Server.</param>
            <param name="shortDisplayVersion">The short display version of the Team Foundation Server.</param>
        </member>
        <member name="T:TeamProjectManager.Common.TeamProjectCollectionInfo">
            <summary>
            Provides information about a Team Project Collection.
            </summary>
        </member>
        <member name="P:TeamProjectManager.Common.TeamProjectCollectionInfo.Name">
            <summary>
            Gets the name of the Team Project Collection.
            </summary>
        </member>
        <member name="P:TeamProjectManager.Common.TeamProjectCollectionInfo.Uri">
            <summary>
            Gets the URI of the Team Project Collection.
            </summary>
        </member>
        <member name="P:TeamProjectManager.Common.TeamProjectCollectionInfo.TeamFoundationServer">
            <summary>
            Gets the Team Foundation Server that this Team Project Collection is part of.
            </summary>
        </member>
        <member name="F:TeamProjectManager.Common.TeamProjectCollectionInfo.TeamFoundationServerProperty">
            <summary>
            Defines the <see cref="P:TeamProjectManager.Common.TeamProjectCollectionInfo.TeamFoundationServer"/> observable property.
            </summary>
        </member>
        <member name="P:TeamProjectManager.Common.TeamProjectCollectionInfo.TeamProjects">
            <summary>
            Gets the Team Projects that are part of this Team Project Collection.
            </summary>
        </member>
        <member name="F:TeamProjectManager.Common.TeamProjectCollectionInfo.TeamProjectsProperty">
            <summary>
            Defines the <see cref="P:TeamProjectManager.Common.TeamProjectCollectionInfo.TeamProjects"/> observable property.
            </summary>
        </member>
        <member name="M:TeamProjectManager.Common.TeamProjectCollectionInfo.#ctor(System.String,System.Uri)">
            <summary>
            Initializes a new instance of the <see cref="T:TeamProjectManager.Common.TeamProjectCollectionInfo"/> class.
            </summary>
            <param name="name">The name of the Team Project Collection.</param>
            <param name="uri">The URI of the Team Project Collection.</param>
        </member>
        <member name="T:TeamProjectManager.Common.TeamProjectInfo">
            <summary>
            Provides information about a Team Project.
            </summary>
        </member>
        <member name="P:TeamProjectManager.Common.TeamProjectInfo.TeamProjectCollection">
            <summary>
            Gets the Team Project Collection that this Team Project is part of.
            </summary>
        </member>
        <member name="P:TeamProjectManager.Common.TeamProjectInfo.Name">
            <summary>
            Gets the name of this Team Project.
            </summary>
        </member>
        <member name="P:TeamProjectManager.Common.TeamProjectInfo.Uri">
            <summary>
            Gets the URI of this Team Project.
            </summary>
        </member>
        <member name="M:TeamProjectManager.Common.TeamProjectInfo.#ctor(TeamProjectManager.Common.TeamProjectCollectionInfo,System.String,System.Uri)">
            <summary>
            Initializes a new instance of the <see cref="T:TeamProjectManager.Common.TeamProjectInfo"/> class.
            </summary>
            <param name="teamProjectCollection">The Team Project Collection that this Team Project is part of.</param>
            <param name="name">The name of this Team Project.</param>
            <param name="uri">The URI of this Team Project.</param>
        </member>
        <member name="T:TeamProjectManager.Common.TfsMajorVersion">
            <summary>
            Represents the major versions of Team Foundation Server.
            </summary>
        </member>
        <member name="F:TeamProjectManager.Common.TfsMajorVersion.Unknown">
            <summary>
            Represents an unknown version of Team Foundation Server.
            </summary>
        </member>
        <member name="F:TeamProjectManager.Common.TfsMajorVersion.V8">
            <summary>
            Represents Team Foundation Server 8 (TFS 2005).
            </summary>
        </member>
        <member name="F:TeamProjectManager.Common.TfsMajorVersion.V9">
            <summary>
            Represents Team Foundation Server 9 (TFS 2008).
            </summary>
        </member>
        <member name="F:TeamProjectManager.Common.TfsMajorVersion.V10">
            <summary>
            Represents Team Foundation Server 10 (TFS 2010).
            </summary>
        </member>
        <member name="F:TeamProjectManager.Common.TfsMajorVersion.V10SP1">
            <summary>
            Represents Team Foundation Server 10 SP1 (TFS 2010 SP1).
            </summary>
        </member>
        <member name="F:TeamProjectManager.Common.TfsMajorVersion.V11">
            <summary>
            Represents Team Foundation Server 11 (TFS 2012).
            </summary>
        </member>
        <member name="F:TeamProjectManager.Common.TfsMajorVersion.V11Update1">
            <summary>
            Represents Team Foundation Server 11 Update 1 (TFS 2012.1).
            </summary>
        </member>
        <member name="F:TeamProjectManager.Common.TfsMajorVersion.V11Update2">
            <summary>
            Represents Team Foundation Server 11 Update 2 (TFS 2012.2).
            </summary>
        </member>
        <member name="F:TeamProjectManager.Common.TfsMajorVersion.V12">
            <summary>
            Represents Team Foundation Server 12 (TFS 2013).
            </summary>
        </member>
        <member name="F:TeamProjectManager.Common.TfsMajorVersion.V14">
            <summary>
            Represents Team Foundation Server 14 (TFS 2015).
            </summary>
        </member>
        <member name="F:TeamProjectManager.Common.TfsMajorVersion.V15">
            <summary>
            Represents Team Foundation Server 15 (TFS 2017).
            </summary>
        </member>
        <member name="F:TeamProjectManager.Common.TfsMajorVersion.HighestKnownVersion">
            <summary>
            Represents the highest known version of Team Foundation Server.
            </summary>
        </member>
        <member name="T:TeamProjectManager.Common.TfsTeamProjectCollectionCache">
            <summary>
            Provides a cache for authenticated Team Project Collections.
            </summary>
        </member>
        <member name="M:TeamProjectManager.Common.TfsTeamProjectCollectionCache.GetTfsTeamProjectCollection(System.Uri)">
            <summary>
            Returns a Team Project Collection based on its URI. If it has already been retrieved before, the cached instance will be returned.
            </summary>
            <param name="uri">The URI of the Team Project Collection.</param>
            <returns>The Team Project Collection.</returns>
        </member>
        <member name="M:TeamProjectManager.Common.TfsTeamProjectCollectionCache.ClearCache">
            <summary>
            Disposes of all cached instances and clears the cache.
            </summary>
        </member>
    </members>
</doc>
