<MigrationReport>
  <Sessions>
    <Session>
      <Start>10/17/2015 10:32:59 AM</Start>
      <Settings>
        <Setting name="StartingChangeset" value="0" />
        <Setting name="EndingChangeset" value="0" />
        <Setting name="OptimizeFolderScan" value="true" />
        <Setting name="IgnoreKeywordSubstitution" value="true" />
        <Setting name="ExternalsHandler" value="Ignore" />
        <Setting name="FileDownloadTimeout" value="600" />
        <Setting name="TagFolders" value="" />
        <Setting name="IncludeTagPathInLabelName" value="false" />
        <Setting name="PrefetchChangesetCacheSize" value="250" />
        <Setting name="ConvertedChangesetCacheSize" value="250" />
        <Setting name="SkipAnalysis" value="false" />
        <Setting name="SkipMigration" value="false" />
        <Setting name="LoggingMode" value="Normal" />
        <Setting name="ConfirmCheckins" value="false" />
        <Setting name="PrefixLabels" value="" />
        <Setting name="PrefixLabelsWithSessionId" value="false" />
        <Setting name="IncludeLabels" value="" />
        <Setting name="ExcludeLabels" value="" />
        <Setting name="RenameLabels" value="" />
        <Setting name="MigrationChangeCommentModifier" value="{$(DateTime) r$(Name)} $(Comment)" />
        <Setting name="UserMappingFile" value="" />
        <Setting name="MigrationLogFile" value="" />
        <Setting name="MigrationStopChangeGroup" value="" />
        <Setting name="ItemExistsHandler" value="ChangeToEdit" />
        <Setting name="SessionContinuationWarning" value="true" />
        <Setting name="DuplicateDestinationPathWarning" value="true" />
        <Setting name="VerifyWorkspaceMappings" value="true" />
        <Setting name="DropLongPaths" value="false" />
        <Setting name="BackDateTimestamps" value="false" />
        <Setting name="ChangeToAddOnBranchSourceNotFound" value="true" />
        <Setting name="SkipFileDownloadFailures" value="true" />
        <Setting name="SkipLabelFailures" value="true" />
        <Setting name="FileDownloadRetryCount" value="3" />
        <Setting name="ScannedPaths" value="" />
      </Settings>
      <Mappings>
        <Mapping src="/NYCID" tgt="$/TSSD Secure Credentials/idnyc/main" cloak="false" />
      </Mappings>
      <End>10/17/2015 11:06:24 AM</End>
    </Session>
  </Sessions>
  <Messages>
  </Messages>
</MigrationReport>