﻿<?xml version="1.0" encoding="utf-8" standalone="yes"?>
<UserMappings>
  <User Name="blautenslager" MappedName="blautenslager" OldMappedName="" Validate="False" Changed="False" />
  <User Name="choff" MappedName="choff" OldMappedName="" Validate="False" Changed="False" />
  <User Name="jlafountain" MappedName="jlafountain" OldMappedName="" Validate="False" Changed="False" />
  <User Name="josier" MappedName="josier" OldMappedName="" Validate="False" Changed="False" />
  <User Name="jsherry" MappedName="jsherry" OldMappedName="" Validate="False" Changed="False" />
  <User Name="mjones" MappedName="mjones" OldMappedName="" Validate="False" Changed="False" />
  <User Name="rsettle" MappedName="rsettle" OldMappedName="" Validate="False" Changed="False" />
  <User Name="wross" MappedName="wross" OldMappedName="" Validate="False" Changed="False" />
</UserMappings>