﻿<Message>
  <Time>10/17/2015 11:16:05 AM</Time>
  <Type>Error</Type>
  <Phase>Analysis</Phase>
  <Entity>/TAGS/CAT</Entity>
  <Text>Changes were made to a tag after the initial creation and cannot be migrated. If you wish to migrate this change, migrate the tag directory as a branch. Action Add</Text>
</Message>
<Message>
  <Time>10/17/2015 11:16:05 AM</Time>
  <Type>Error</Type>
  <Phase>Analysis</Phase>
  <Entity>/TAGS/CAT/v.1.0.0.4_CodeComplete/CAT/Modules/Diagnostics/Winlogon.cs</Entity>
  <Text>Changes were made to a tag after the initial creation and cannot be migrated. If you wish to migrate this change, migrate the tag directory as a branch. Action Add</Text>
</Message>
<Message>
  <Time>10/17/2015 12:31:50 PM</Time>
  <Type>Error</Type>
  <Phase>Migration</Phase>
  <Entity>/TRUNK/CAT/lib/AssureID_V4.3.3400.zip</Entity>
  <Text>Failed to download /TRUNK/CAT/lib/AssureID_V4.3.3400.zip revision 40 to D:\SVN\Working\TRUNK\CAT\lib\AssureID_V4.3.3400.zip</Text>
</Message>
<Message>
  <Time>10/17/2015 1:13:20 PM</Time>
  <Type>Error</Type>
  <Phase>Migration</Phase>
  <Entity>/TRUNK/CAT/lib/AssureID_V4.3.3400.zip</Entity>
  <Text>Failed to download /TRUNK/CAT/lib/AssureID_V4.3.3400.zip revision 40 to D:\SVN\Working\TRUNK\CAT\lib\AssureID_V4.3.3400.zip</Text>
</Message>