<?xml version="1.0"?>
<Configuration xmlns:xsi="http://www.w3.org/2001/XMLSchema-instance" xmlns:xsd="http://www.w3.org/2001/XMLSchema" UniqueId="f955a273-d6b2-4042-81da-5c7bd4df8d15" FriendlyName="sems software TFS to TFS Work Item Tracking with Explicit Field Map">
  <Providers>
    <Provider ReferenceName="b84b30dd-1496-462a-bd9d-5a078a617779" FriendlyName="TFS 11 Migration WIT Provider" />
  </Providers>
  <Addins />
  <SessionGroup CreationTime="2014-09-06T12:55:23.08-05:00" FriendlyName="sems software TFS to TFS Work Item Tracking with Explicit Field Map" SessionGroupGUID="be1eb4f1-06ab-412a-8930-f363bb7d4772" Creator="USAC\a10n1zz" SyncIntervalInSeconds="0" SyncDurationInMinutes="0">
    <MigrationSources>
      <MigrationSource InternalUniqueId="e0dc35d6-86d7-410d-a006-cbf8526c0e6d" FriendlyName="semstfs.usac.mmm.com (WIT)" ServerIdentifier="378fd082-4b22-44b7-afe2-9d02af701ba8" ServerUrl="http://semstfs.usac.mmm.com:8080/tfs/defaultcollection" SourceIdentifier="SEMS Software Project" ProviderReferenceName="b84b30dd-1496-462a-bd9d-5a078a617779">
        <Settings>
          <Addins />
          <UserIdentityLookup />
          <DefaultUserIdProperty UserIdPropertyName="DisplayName" />
        </Settings>
        <CustomSettings />
        <StoredCredential />
      </MigrationSource>
      <MigrationSource InternalUniqueId="c0456cfb-aad6-4408-bda3-da3a7f6b4e4c" FriendlyName="tfsdev.mmm.com (WIT)" ServerIdentifier="4901c7ed-1c6b-4720-a5f8-aedd0b47c8e5" ServerUrl="http://tfsdev.mmm.com:8080/tfs/defaultcollection" SourceIdentifier="sems software migration test 2" ProviderReferenceName="b84b30dd-1496-462a-bd9d-5a078a617779">
        <Settings>
          <Addins />
          <UserIdentityLookup />
          <DefaultUserIdProperty UserIdPropertyName="DisplayName" />
        </Settings>
        <CustomSettings />
        <StoredCredential />
      </MigrationSource>
    </MigrationSources>
    <Sessions>
      <Session CreationTime="2014-09-06T12:55:23.07-05:00" SessionUniqueId="0b8762c0-7aa3-47ab-9820-7610967aed81" FriendlyName="Work Item Tracking Session" LeftMigrationSourceUniqueId="e0dc35d6-86d7-410d-a006-cbf8526c0e6d" RightMigrationSourceUniqueId="c0456cfb-aad6-4408-bda3-da3a7f6b4e4c" SessionType="WorkItemTracking">
        <EventSinks />
        <CustomSettings>
          <SettingXml>
            <WITSessionCustomSetting xmlns:xsi="http://www.w3.org/2001/XMLSchema-instance" xmlns:xsd="http://www.w3.org/2001/XMLSchema">
              <Settings />
              <WorkItemTypes>
                <WorkItemType LeftWorkItemTypeName="Bug" RightWorkItemTypeName="Bug" fieldMap="BugToBugFieldMap" />
                <WorkItemType LeftWorkItemTypeName="User Story" RightWorkItemTypeName="Product Backlog Item" fieldMap="UserStoryToPBIFieldMap" />
                <WorkItemType LeftWorkItemTypeName="Stakeholder Request" RightWorkItemTypeName="Bug" fieldMap="StakeholderRequestToFeatureFieldMap" />
                <WorkItemType LeftWorkItemTypeName="Task" RightWorkItemTypeName="Task" fieldMap="TaskToTaskFieldMap" />
              </WorkItemTypes>
              <FieldMaps>
                <FieldMap name="BugToBugFieldMap">
                  <MappedFields>
                    <MappedField LeftName="*" RightName="*" MapFromSide="Left" />
                    <MappedField LeftName="Microsoft.VSTS.Common.Priority" RightName="Microsoft.VSTS.Common.BacklogPriority" MapFromSide="Left" valueMap="PriorityValueMap" />
                    <MappedField LeftName="Mirror.System.AssignedTo" RightName="" MapFromSide="Left" />
                    <MappedField LeftName="Mirror.System.Title" RightName="" MapFromSide="Left" />
                    <MappedField LeftName="Microsoft.VSTS.Common.ClosedBy" RightName="" MapFromSide="Left" />
                    <MappedField LeftName="Microsoft.VSTS.Common.ResolvedReason" RightName="" MapFromSide="Left" />
                    <MappedField LeftName="Microsoft.VSTS.Common.ResolvedBy" RightName="" MapFromSide="Left" />
                    <MappedField LeftName="Microsoft.VSTS.Common.ActivatedBy" RightName="" MapFromSide="Left" />
                    <MappedField LeftName="Microsoft.VSTS.Common.ActivatedDate" RightName="" MapFromSide="Left" />
                    <MappedField LeftName="Microsoft.VSTS.Common.StateChangeDate" RightName="" MapFromSide="Left" />
                    <MappedField LeftName="Microsoft.VSTS.Common.StateChangeDate" RightName="" MapFromSide="Left" />
                    <MappedField LeftName="Microsoft.VSTS.Common.ResolvedDate" RightName="" MapFromSide="Left" />
                    <MappedField LeftName="Microsoft.VSTS.Common.ResolvedDate" RightName="" MapFromSide="Left" />
                    <MappedField LeftName="Microsoft.VSTS.Common.ResolvedDate" RightName="" MapFromSide="Left" />
                    <MappedField LeftName="Microsoft.VSTS.Common.ResolvedDate" RightName="" MapFromSide="Left" />
                    <MappedField LeftName="Microsoft.VSTS.Common.ResolvedDate" RightName="" MapFromSide="Left" />
                    <MappedField LeftName="Microsoft.VSTS.Common.Risk" RightName="" MapFromSide="Left" />
                    <MappedField LeftName="Microsoft.VSTS.Common.Risk" RightName="" MapFromSide="Left" />
                    <MappedField LeftName="Microsoft.VSTS.Common.StateChangeDate" RightName="" MapFromSide="Left" />
                    <MappedField LeftName="Microsoft.VSTS.Common.StateChangeDate" RightName="" MapFromSide="Left" />
                    <MappedField LeftName="Microsoft.VSTS.Common.StateChangeDate" RightName="" MapFromSide="Left" />
                    <MappedField LeftName="Microsoft.VSTS.Common.StateChangeDate" RightName="" MapFromSide="Left" />
                    <MappedField LeftName="Microsoft.VSTS.Common.ResolvedDate" RightName="" MapFromSide="Left" />
                    <MappedField LeftName="Microsoft.VSTS.Common.ResolvedDate" RightName="" MapFromSide="Left" />
                    <MappedField LeftName="Microsoft.VSTS.Common.ResolvedDate" RightName="" MapFromSide="Left" />
                    <MappedField LeftName="Microsoft.VSTS.Common.ResolvedDate" RightName="" MapFromSide="Left" />
                    <MappedField LeftName="Microsoft.VSTS.Common.ResolvedDate" RightName="" MapFromSide="Left" />
                    <MappedField LeftName="Microsoft.VSTS.Common.ResolvedDate" RightName="" MapFromSide="Left" />
                    <MappedField LeftName="Microsoft.VSTS.Common.ResolvedDate" RightName="" MapFromSide="Left" />
                    <MappedField LeftName="Microsoft.VSTS.Common.ResolvedDate" RightName="" MapFromSide="Left" />
                    <MappedField LeftName="Microsoft.VSTS.Common.ResolvedDate" RightName="" MapFromSide="Left" />
                    <MappedField LeftName="Microsoft.VSTS.Common.ResolvedDate" RightName="" MapFromSide="Left" />
                    <MappedField LeftName="Microsoft.VSTS.Common.ActivatedDate" RightName="" MapFromSide="Left" />
                    <MappedField LeftName="Microsoft.VSTS.Common.ResolvedDate" RightName="" MapFromSide="Left" />
                    <MappedField LeftName="Microsoft.VSTS.Common.ResolvedDate" RightName="" MapFromSide="Left" />
                    <MappedField LeftName="Microsoft.VSTS.Common.ResolvedDate" RightName="" MapFromSide="Left" />
                    <MappedField LeftName="Microsoft.VSTS.Common.ResolvedDate" RightName="" MapFromSide="Left" />
                    <MappedField LeftName="Microsoft.VSTS.Common.ResolvedDate" RightName="" MapFromSide="Left" />
                    <MappedField LeftName="Microsoft.VSTS.Common.ResolvedDate" RightName="" MapFromSide="Left" />
                    <MappedField LeftName="Microsoft.VSTS.Common.ResolvedDate" RightName="" MapFromSide="Left" />
                    <MappedField LeftName="Microsoft.VSTS.Common.ResolvedDate" RightName="" MapFromSide="Left" />
                    <MappedField LeftName="Microsoft.VSTS.Common.ResolvedDate" RightName="" MapFromSide="Left" />
                    <MappedField LeftName="Microsoft.VSTS.Common.ResolvedDate" RightName="" MapFromSide="Left" />
                    <MappedField LeftName="Microsoft.VSTS.Common.ActivatedDate" RightName="" MapFromSide="Left" />
                    <MappedField LeftName="Microsoft.VSTS.Common.ResolvedDate" RightName="" MapFromSide="Left" />
                  </MappedFields>
                  <AggregatedFields />
                  <UserIdentityFields>
                    <LeftUserIdentityFields />
                    <RightUserIdentityFields />
                  </UserIdentityFields>
                </FieldMap>
                <FieldMap name="UserStoryToPBIFieldMap">
                  <MappedFields>
                    <MappedField LeftName="*" RightName="*" MapFromSide="Left" />
                    <MappedField LeftName="Mirror.System.AssignedTo" RightName="" MapFromSide="Left" />
                    <MappedField LeftName="Mirror.System.Title" RightName="" MapFromSide="Left" />
                    <MappedField LeftName="Microsoft.VSTS.Common.Risk" RightName="" MapFromSide="Left" />
                    <MappedField LeftName="Microsoft.VSTS.Common.ClosedBy" RightName="" MapFromSide="Left" />
                    <MappedField LeftName="Microsoft.VSTS.Common.ResolvedReason" RightName="System.Reason" MapFromSide="Left" />
                    <MappedField LeftName="Microsoft.VSTS.Common.ResolvedBy" RightName="" MapFromSide="Left" />
                    <MappedField LeftName="Microsoft.VSTS.Common.ActivatedBy" RightName="" MapFromSide="Left" />
                    <MappedField LeftName="Microsoft.VSTS.Common.ActivatedBy" RightName="" MapFromSide="Left" />
                    <MappedField LeftName="Microsoft.VSTS.Common.ActivatedBy" RightName="" MapFromSide="Left" />
                    <MappedField LeftName="Microsoft.VSTS.Common.StateChangeDate" RightName="" MapFromSide="Left" />
                  </MappedFields>
                  <AggregatedFields />
                  <UserIdentityFields>
                    <LeftUserIdentityFields />
                    <RightUserIdentityFields />
                  </UserIdentityFields>
                </FieldMap>
                <FieldMap name="StakeholderRequestToFeatureFieldMap">
                  <MappedFields>
                    <MappedField LeftName="*" RightName="*" MapFromSide="Left" />
                  </MappedFields>
                  <AggregatedFields />
                  <UserIdentityFields>
                    <LeftUserIdentityFields />
                    <RightUserIdentityFields />
                  </UserIdentityFields>
                </FieldMap>
                <FieldMap name="TaskToTaskFieldMap">
                  <MappedFields>
                    <MappedField LeftName="*" RightName="*" MapFromSide="Left" />
                    <MappedField LeftName="Mirror.System.AssignedTo" RightName="" MapFromSide="Left" />
                    <MappedField LeftName="Mirror.System.Title" RightName="" MapFromSide="Left" />
                    <MappedField LeftName="Mirror.System.Title" RightName="" MapFromSide="Left" />
                    <MappedField LeftName="Mirror.System.Title" RightName="" MapFromSide="Left" />
                    <MappedField LeftName="Mirror.System.Title" RightName="" MapFromSide="Left" />
                    <MappedField LeftName="Mirror.System.Title" RightName="" MapFromSide="Left" />
                    <MappedField LeftName="Mirror.System.Title" RightName="" MapFromSide="Left" />
                    <MappedField LeftName="Mirror.System.Title" RightName="" MapFromSide="Left" />
                    <MappedField LeftName="Microsoft.VSTS.Common.Priority" RightName="Microsoft.VSTS.Common.BacklogPriority" MapFromSide="Left" />
                    <MappedField LeftName="Microsoft.VSTS.Common.ClosedBy" RightName="" MapFromSide="Left" />
                    <MappedField LeftName="Microsoft.VSTS.Common.ClosedBy" RightName="" MapFromSide="Left" />
                    <MappedField LeftName="Microsoft.VSTS.Common.ClosedBy" RightName="" MapFromSide="Left" />
                    <MappedField LeftName="Microsoft.VSTS.Scheduling.OriginalEstimate" RightName="Mmm.Scrum.OrginalEstimate" MapFromSide="Left" />
                    <MappedField LeftName="Microsoft.VSTS.Common.ActivatedBy" RightName="" MapFromSide="Left" />
                    <MappedField LeftName="Microsoft.VSTS.Common.ActivatedBy" RightName="" MapFromSide="Left" />
                    <MappedField LeftName="Microsoft.VSTS.Common.ActivatedBy" RightName="" MapFromSide="Left" />
                    <MappedField LeftName="Microsoft.VSTS.Common.ActivatedBy" RightName="" MapFromSide="Left" />
                    <MappedField LeftName="Microsoft.VSTS.Common.StateChangeDate" RightName="" MapFromSide="Left" />
                    <MappedField LeftName="Microsoft.VSTS.Common.StateChangeDate" RightName="" MapFromSide="Left" />
                    <MappedField LeftName="Microsoft.VSTS.Common.ActivatedDate" RightName="" MapFromSide="Left" />
                    <MappedField LeftName="Microsoft.VSTS.Scheduling.CompletedWork" RightName="Mmm.Scrum.Completed" MapFromSide="Left" />
                    <MappedField LeftName="Microsoft.VSTS.Common.StackRank" RightName="" MapFromSide="Left" />
                  </MappedFields>
                  <AggregatedFields />
                  <UserIdentityFields>
                    <LeftUserIdentityFields />
                    <RightUserIdentityFields />
                  </UserIdentityFields>
                </FieldMap>
              </FieldMaps>
              <ValueMaps>
                <ValueMap name="PriorityValueMap">
                  <Value LeftValue="2" RightValue="1">
                    <When />
                  </Value>
                </ValueMap>
              </ValueMaps>
            </WITSessionCustomSetting>
          </SettingXml>
          <SettingXmlSchema />
        </CustomSettings>
        <Filters>
          <FilterPair Neglect="false">
            <FilterItem MigrationSourceUniqueId="e0dc35d6-86d7-410d-a006-cbf8526c0e6d" FilterString="[System.AreaPath] UNDER 'SEMS Software Project'" />
            <FilterItem MigrationSourceUniqueId="c0456cfb-aad6-4408-bda3-da3a7f6b4e4c" FilterString="[System.Id] = 0" />
          </FilterPair>
        </Filters>
      </Session>
    </Sessions>
    <Linking>
      <CustomSettings />
      <LinkTypeMappings />
    </Linking>
    <WorkFlowType Frequency="ContinuousManual" DirectionOfFlow="Unidirectional" SyncContext="Unidirectional" />
    <CustomSettings />
    <UserIdentityMappings EnableValidation="false">
      <UserIdentityLookupAddins />
    </UserIdentityMappings>
    <ErrorManagement>
      <ErrorRouters />
      <ReportingSettings />
    </ErrorManagement>
  </SessionGroup>
</Configuration>