<?xml version="1.0"?>
<SerializableConflictResolutionRuleCollection xmlns:xsi="http://www.w3.org/2001/XMLSchema-instance" xmlns:xsd="http://www.w3.org/2001/XMLSchema">
  <Rules>
    <SerializableConflictResolutionRule>
      <StorageId>12</StorageId>
      <ReferenceName>5a746efb-3216-4027-b6c7-e51d96f54cb6</ReferenceName>
      <ConflictType>
        <StorageId>8</StorageId>
        <ReferenceName>f6dab314-2792-40d9-86cc-b40f5b827d86</ReferenceName>
        <FriendlyName>Runtime Error</FriendlyName>
        <IsActive>true</IsActive>
        <Provider>
          <StorageId>3</StorageId>
          <ReferenceName>ddbd5e6f-12c3-4a0a-a381-725c0622697e</ReferenceName>
          <FriendlyName>Team Foundation Server Migration and Synchronization Framework</FriendlyName>
          <ProviderVersion>1.0.0.0</ProviderVersion>
        </Provider>
      </ConflictType>
      <ResolutionAction>
        <StorageId>10</StorageId>
        <ReferenceName>cab359a9-5095-4fdc-8d43-0b2245e51851</ReferenceName>
        <FriendlyName>Retry</FriendlyName>
        <IsActive>true</IsActive>
        <Provider>
          <StorageId>3</StorageId>
          <ReferenceName>ddbd5e6f-12c3-4a0a-a381-725c0622697e</ReferenceName>
          <FriendlyName>Team Foundation Server Migration and Synchronization Framework</FriendlyName>
          <ProviderVersion>1.0.0.0</ProviderVersion>
        </Provider>
      </ResolutionAction>
      <Scope>
        <StorageId>10</StorageId>
        <Scope>/Microsoft.TeamFoundation.Migration.Toolkit.ErrorManagement.MissingErrorRouterException/Runtime error does not meet the error routine policy and there is no conflict manager to log a conflict./System.Web.Services.Protocols.SoapException/Server was unable to process request. ---&gt; TF400732: The request has been canceled.</Scope>
      </Scope>
      <ScopeInfoUniqueId>0b8762c0-7aa3-47ab-9820-7610967aed81</ScopeInfoUniqueId>
      <SourceInfoUniqueId>e0dc35d6-86d7-410d-a006-cbf8526c0e6d</SourceInfoUniqueId>
      <RuleDataXmlDocString>&lt;ConflictResolutionRule xmlns:xsi="http://www.w3.org/2001/XMLSchema-instance" xmlns:xsd="http://www.w3.org/2001/XMLSchema"&gt;&lt;RuleReferenceName&gt;5a746efb-3216-4027-b6c7-e51d96f54cb6&lt;/RuleReferenceName&gt;&lt;ActionReferenceName&gt;cab359a9-5095-4fdc-8d43-0b2245e51851&lt;/ActionReferenceName&gt;&lt;ApplicabilityScope&gt;/Microsoft.TeamFoundation.Migration.Toolkit.ErrorManagement.MissingErrorRouterException/Runtime error does not meet the error routine policy and there is no conflict manager to log a conflict./System.Web.Services.Protocols.SoapException/Server was unable to process request. ---&amp;gt; TF400732: The request has been canceled.&lt;/ApplicabilityScope&gt;&lt;/ConflictResolutionRule&gt;</RuleDataXmlDocString>
      <Status>2</Status>
    </SerializableConflictResolutionRule>
    <SerializableConflictResolutionRule>
      <StorageId>13</StorageId>
      <ReferenceName>2b0ab269-580b-45b1-847e-2122368eb235</ReferenceName>
      <ConflictType>
        <StorageId>9</StorageId>
        <ReferenceName>ea1a518b-248b-43e3-90b2-62fe7eb5f366</ReferenceName>
        <FriendlyName>TFS WIT invalid field conflict type</FriendlyName>
        <IsActive>true</IsActive>
        <Provider>
          <StorageId>1</StorageId>
          <ReferenceName>b84b30dd-1496-462a-bd9d-5a078a617779</ReferenceName>
          <FriendlyName>TFS 11 Migration WIT Provider</FriendlyName>
          <ProviderVersion>1.0.0.0</ProviderVersion>
        </Provider>
      </ConflictType>
      <ResolutionAction>
        <StorageId>19</StorageId>
        <ReferenceName>3c8fe19d-3d02-4a19-bc5a-77640b0f5904</ReferenceName>
        <FriendlyName>Resolve invalid field conflict by dropping the field</FriendlyName>
        <IsActive>true</IsActive>
        <Provider>
          <StorageId>1</StorageId>
          <ReferenceName>b84b30dd-1496-462a-bd9d-5a078a617779</ReferenceName>
          <FriendlyName>TFS 11 Migration WIT Provider</FriendlyName>
          <ProviderVersion>1.0.0.0</ProviderVersion>
        </Provider>
      </ResolutionAction>
      <Scope>
        <StorageId>4</StorageId>
        <Scope>/sems software migration test 2/Bug</Scope>
      </Scope>
      <ScopeInfoUniqueId>0b8762c0-7aa3-47ab-9820-7610967aed81</ScopeInfoUniqueId>
      <SourceInfoUniqueId>c0456cfb-aad6-4408-bda3-da3a7f6b4e4c</SourceInfoUniqueId>
      <RuleDataXmlDocString>&lt;ConflictResolutionRule xmlns:xsi="http://www.w3.org/2001/XMLSchema-instance" xmlns:xsd="http://www.w3.org/2001/XMLSchema"&gt;&lt;RuleReferenceName&gt;2b0ab269-580b-45b1-847e-2122368eb235&lt;/RuleReferenceName&gt;&lt;ActionReferenceName&gt;3c8fe19d-3d02-4a19-bc5a-77640b0f5904&lt;/ActionReferenceName&gt;&lt;ApplicabilityScope&gt;/sems software migration test 2/Bug&lt;/ApplicabilityScope&gt;&lt;DataField FieldName="InvalidFieldReferenceName" FieldValue="Mirror.System.AssignedTo" /&gt;&lt;DataField FieldName="UpdatedConfigurationId" FieldValue="13" /&gt;&lt;/ConflictResolutionRule&gt;</RuleDataXmlDocString>
      <Status>0</Status>
    </SerializableConflictResolutionRule>
    <SerializableConflictResolutionRule>
      <StorageId>14</StorageId>
      <ReferenceName>f0b3e78f-b9d6-405f-ad8f-219f5761d39c</ReferenceName>
      <ConflictType>
        <StorageId>19</StorageId>
        <ReferenceName>316e48c4-6739-413f-9718-943aa39e6239</ReferenceName>
        <FriendlyName>WIT unmapped Work Item Type conflict type</FriendlyName>
        <IsActive>true</IsActive>
        <Provider>
          <StorageId>3</StorageId>
          <ReferenceName>ddbd5e6f-12c3-4a0a-a381-725c0622697e</ReferenceName>
          <FriendlyName>Team Foundation Server Migration and Synchronization Framework</FriendlyName>
          <ProviderVersion>1.0.0.0</ProviderVersion>
        </Provider>
      </ConflictType>
      <ResolutionAction>
        <StorageId>44</StorageId>
        <ReferenceName>699aaccd-f0c5-44bd-991d-0af45e958e54</ReferenceName>
        <FriendlyName>Resolve unmapped Work Item Type conflict by creating a mapping</FriendlyName>
        <IsActive>true</IsActive>
        <Provider>
          <StorageId>3</StorageId>
          <ReferenceName>ddbd5e6f-12c3-4a0a-a381-725c0622697e</ReferenceName>
          <FriendlyName>Team Foundation Server Migration and Synchronization Framework</FriendlyName>
          <ProviderVersion>1.0.0.0</ProviderVersion>
        </Provider>
      </ResolutionAction>
      <Scope>
        <StorageId>1</StorageId>
        <Scope>/User Story</Scope>
      </Scope>
      <ScopeInfoUniqueId>0b8762c0-7aa3-47ab-9820-7610967aed81</ScopeInfoUniqueId>
      <SourceInfoUniqueId>e0dc35d6-86d7-410d-a006-cbf8526c0e6d</SourceInfoUniqueId>
      <RuleDataXmlDocString>&lt;ConflictResolutionRule xmlns:xsi="http://www.w3.org/2001/XMLSchema-instance" xmlns:xsd="http://www.w3.org/2001/XMLSchema"&gt;&lt;RuleReferenceName&gt;f0b3e78f-b9d6-405f-ad8f-219f5761d39c&lt;/RuleReferenceName&gt;&lt;ActionReferenceName&gt;699aaccd-f0c5-44bd-991d-0af45e958e54&lt;/ActionReferenceName&gt;&lt;ApplicabilityScope&gt;/User Story&lt;/ApplicabilityScope&gt;&lt;DataField FieldName="MapTo" FieldValue="Product Backlog Item" /&gt;&lt;DataField FieldName="UpdatedConfigurationId" FieldValue="14" /&gt;&lt;/ConflictResolutionRule&gt;</RuleDataXmlDocString>
      <Status>0</Status>
    </SerializableConflictResolutionRule>
    <SerializableConflictResolutionRule>
      <StorageId>15</StorageId>
      <ReferenceName>2144dd86-0dcb-4eed-9187-ab8ecce041df</ReferenceName>
      <ConflictType>
        <StorageId>19</StorageId>
        <ReferenceName>316e48c4-6739-413f-9718-943aa39e6239</ReferenceName>
        <FriendlyName>WIT unmapped Work Item Type conflict type</FriendlyName>
        <IsActive>true</IsActive>
        <Provider>
          <StorageId>3</StorageId>
          <ReferenceName>ddbd5e6f-12c3-4a0a-a381-725c0622697e</ReferenceName>
          <FriendlyName>Team Foundation Server Migration and Synchronization Framework</FriendlyName>
          <ProviderVersion>1.0.0.0</ProviderVersion>
        </Provider>
      </ConflictType>
      <ResolutionAction>
        <StorageId>44</StorageId>
        <ReferenceName>699aaccd-f0c5-44bd-991d-0af45e958e54</ReferenceName>
        <FriendlyName>Resolve unmapped Work Item Type conflict by creating a mapping</FriendlyName>
        <IsActive>true</IsActive>
        <Provider>
          <StorageId>3</StorageId>
          <ReferenceName>ddbd5e6f-12c3-4a0a-a381-725c0622697e</ReferenceName>
          <FriendlyName>Team Foundation Server Migration and Synchronization Framework</FriendlyName>
          <ProviderVersion>1.0.0.0</ProviderVersion>
        </Provider>
      </ResolutionAction>
      <Scope>
        <StorageId>2</StorageId>
        <Scope>/Task</Scope>
      </Scope>
      <ScopeInfoUniqueId>0b8762c0-7aa3-47ab-9820-7610967aed81</ScopeInfoUniqueId>
      <SourceInfoUniqueId>e0dc35d6-86d7-410d-a006-cbf8526c0e6d</SourceInfoUniqueId>
      <RuleDataXmlDocString>&lt;ConflictResolutionRule xmlns:xsi="http://www.w3.org/2001/XMLSchema-instance" xmlns:xsd="http://www.w3.org/2001/XMLSchema"&gt;&lt;RuleReferenceName&gt;2144dd86-0dcb-4eed-9187-ab8ecce041df&lt;/RuleReferenceName&gt;&lt;ActionReferenceName&gt;699aaccd-f0c5-44bd-991d-0af45e958e54&lt;/ActionReferenceName&gt;&lt;ApplicabilityScope&gt;/Task&lt;/ApplicabilityScope&gt;&lt;DataField FieldName="MapTo" FieldValue="Task" /&gt;&lt;DataField FieldName="UpdatedConfigurationId" FieldValue="15" /&gt;&lt;/ConflictResolutionRule&gt;</RuleDataXmlDocString>
      <Status>0</Status>
    </SerializableConflictResolutionRule>
    <SerializableConflictResolutionRule>
      <StorageId>16</StorageId>
      <ReferenceName>fdf59ac0-a9d0-49f7-8ef4-368ad33f57e8</ReferenceName>
      <ConflictType>
        <StorageId>19</StorageId>
        <ReferenceName>316e48c4-6739-413f-9718-943aa39e6239</ReferenceName>
        <FriendlyName>WIT unmapped Work Item Type conflict type</FriendlyName>
        <IsActive>true</IsActive>
        <Provider>
          <StorageId>3</StorageId>
          <ReferenceName>ddbd5e6f-12c3-4a0a-a381-725c0622697e</ReferenceName>
          <FriendlyName>Team Foundation Server Migration and Synchronization Framework</FriendlyName>
          <ProviderVersion>1.0.0.0</ProviderVersion>
        </Provider>
      </ConflictType>
      <ResolutionAction>
        <StorageId>44</StorageId>
        <ReferenceName>699aaccd-f0c5-44bd-991d-0af45e958e54</ReferenceName>
        <FriendlyName>Resolve unmapped Work Item Type conflict by creating a mapping</FriendlyName>
        <IsActive>true</IsActive>
        <Provider>
          <StorageId>3</StorageId>
          <ReferenceName>ddbd5e6f-12c3-4a0a-a381-725c0622697e</ReferenceName>
          <FriendlyName>Team Foundation Server Migration and Synchronization Framework</FriendlyName>
          <ProviderVersion>1.0.0.0</ProviderVersion>
        </Provider>
      </ResolutionAction>
      <Scope>
        <StorageId>3</StorageId>
        <Scope>/Stakeholder Request</Scope>
      </Scope>
      <ScopeInfoUniqueId>0b8762c0-7aa3-47ab-9820-7610967aed81</ScopeInfoUniqueId>
      <SourceInfoUniqueId>e0dc35d6-86d7-410d-a006-cbf8526c0e6d</SourceInfoUniqueId>
      <RuleDataXmlDocString>&lt;ConflictResolutionRule xmlns:xsi="http://www.w3.org/2001/XMLSchema-instance" xmlns:xsd="http://www.w3.org/2001/XMLSchema"&gt;&lt;RuleReferenceName&gt;fdf59ac0-a9d0-49f7-8ef4-368ad33f57e8&lt;/RuleReferenceName&gt;&lt;ActionReferenceName&gt;699aaccd-f0c5-44bd-991d-0af45e958e54&lt;/ActionReferenceName&gt;&lt;ApplicabilityScope&gt;/Stakeholder Request&lt;/ApplicabilityScope&gt;&lt;DataField FieldName="MapTo" FieldValue="Feature" /&gt;&lt;DataField FieldName="UpdatedConfigurationId" FieldValue="16" /&gt;&lt;/ConflictResolutionRule&gt;</RuleDataXmlDocString>
      <Status>0</Status>
    </SerializableConflictResolutionRule>
    <SerializableConflictResolutionRule>
      <StorageId>17</StorageId>
      <ReferenceName>e37b52e5-6ed0-451a-8895-d8cce785e425</ReferenceName>
      <ConflictType>
        <StorageId>12</StorageId>
        <ReferenceName>c9d80b52-bb8a-4f7b-a40c-f8f63d6fd374</ReferenceName>
        <FriendlyName>TFS WIT invalid submission conflict type</FriendlyName>
        <IsActive>true</IsActive>
        <Provider>
          <StorageId>1</StorageId>
          <ReferenceName>b84b30dd-1496-462a-bd9d-5a078a617779</ReferenceName>
          <FriendlyName>TFS 11 Migration WIT Provider</FriendlyName>
          <ProviderVersion>1.0.0.0</ProviderVersion>
        </Provider>
      </ConflictType>
      <ResolutionAction>
        <StorageId>10</StorageId>
        <ReferenceName>cab359a9-5095-4fdc-8d43-0b2245e51851</ReferenceName>
        <FriendlyName>Retry</FriendlyName>
        <IsActive>true</IsActive>
        <Provider>
          <StorageId>3</StorageId>
          <ReferenceName>ddbd5e6f-12c3-4a0a-a381-725c0622697e</ReferenceName>
          <FriendlyName>Team Foundation Server Migration and Synchronization Framework</FriendlyName>
          <ProviderVersion>1.0.0.0</ProviderVersion>
        </Provider>
      </ResolutionAction>
      <Scope>
        <StorageId>11</StorageId>
        <Scope>/Microsoft.TeamFoundation.WorkItemTracking.Client.VerbatimMessageException/TF223006: You cannot modify the definition of a work item tracking object with your version of command-line tools as they are not compatible with the Web services for Team Foundation Server. Contact your system administrator to determine how to upgrade your installation of Team Explorer to a version compatible with Team Foundation Server./System.Web.Services.Protocols.SoapException/TF223006: You cannot modify the definition of a work item tracking object with your version of command-line tools as they are not compatible with the Web services for Team Foundation Server. Contact your system administrator to determine how to upgrade your installation of Team Explorer to a version compatible with Team Foundation Server./Context Information/Context Information</Scope>
      </Scope>
      <ScopeInfoUniqueId>0b8762c0-7aa3-47ab-9820-7610967aed81</ScopeInfoUniqueId>
      <SourceInfoUniqueId>c0456cfb-aad6-4408-bda3-da3a7f6b4e4c</SourceInfoUniqueId>
      <RuleDataXmlDocString>&lt;ConflictResolutionRule xmlns:xsi="http://www.w3.org/2001/XMLSchema-instance" xmlns:xsd="http://www.w3.org/2001/XMLSchema"&gt;&lt;RuleReferenceName&gt;e37b52e5-6ed0-451a-8895-d8cce785e425&lt;/RuleReferenceName&gt;&lt;ActionReferenceName&gt;cab359a9-5095-4fdc-8d43-0b2245e51851&lt;/ActionReferenceName&gt;&lt;ApplicabilityScope&gt;/Microsoft.TeamFoundation.WorkItemTracking.Client.VerbatimMessageException/TF223006: You cannot modify the definition of a work item tracking object with your version of command-line tools as they are not compatible with the Web services for Team Foundation Server. Contact your system administrator to determine how to upgrade your installation of Team Explorer to a version compatible with Team Foundation Server./System.Web.Services.Protocols.SoapException/TF223006: You cannot modify the definition of a work item tracking object with your version of command-line tools as they are not compatible with the Web services for Team Foundation Server. Contact your system administrator to determine how to upgrade your installation of Team Explorer to a version compatible with Team Foundation Server./Context Information/Context Information&lt;/ApplicabilityScope&gt;&lt;/ConflictResolutionRule&gt;</RuleDataXmlDocString>
      <Status>2</Status>
    </SerializableConflictResolutionRule>
    <SerializableConflictResolutionRule>
      <StorageId>18</StorageId>
      <ReferenceName>60ed8dcb-5303-4244-a376-1b32c508fb78</ReferenceName>
      <ConflictType>
        <StorageId>13</StorageId>
        <ReferenceName>1722df87-ab61-4ad0-8b41-531d3d804089</ReferenceName>
        <FriendlyName>TFS WIT history not found conflict type</FriendlyName>
        <IsActive>true</IsActive>
        <Provider>
          <StorageId>1</StorageId>
          <ReferenceName>b84b30dd-1496-462a-bd9d-5a078a617779</ReferenceName>
          <FriendlyName>TFS 11 Migration WIT Provider</FriendlyName>
          <ProviderVersion>1.0.0.0</ProviderVersion>
        </Provider>
      </ConflictType>
      <ResolutionAction>
        <StorageId>17</StorageId>
        <ReferenceName>7ee80c20-b145-4a7e-8729-9ecf93d60b2f</ReferenceName>
        <FriendlyName>Skip the conflicted migration action</FriendlyName>
        <IsActive>true</IsActive>
        <Provider>
          <StorageId>1</StorageId>
          <ReferenceName>b84b30dd-1496-462a-bd9d-5a078a617779</ReferenceName>
          <FriendlyName>TFS 11 Migration WIT Provider</FriendlyName>
          <ProviderVersion>1.0.0.0</ProviderVersion>
        </Provider>
      </ResolutionAction>
      <Scope>
        <StorageId>5</StorageId>
        <Scope>/44024/8</Scope>
      </Scope>
      <ScopeInfoUniqueId>0b8762c0-7aa3-47ab-9820-7610967aed81</ScopeInfoUniqueId>
      <SourceInfoUniqueId>c0456cfb-aad6-4408-bda3-da3a7f6b4e4c</SourceInfoUniqueId>
      <RuleDataXmlDocString>&lt;ConflictResolutionRule xmlns:xsi="http://www.w3.org/2001/XMLSchema-instance" xmlns:xsd="http://www.w3.org/2001/XMLSchema"&gt;&lt;RuleReferenceName&gt;60ed8dcb-5303-4244-a376-1b32c508fb78&lt;/RuleReferenceName&gt;&lt;ActionReferenceName&gt;7ee80c20-b145-4a7e-8729-9ecf93d60b2f&lt;/ActionReferenceName&gt;&lt;ApplicabilityScope&gt;/44024/8&lt;/ApplicabilityScope&gt;&lt;/ConflictResolutionRule&gt;</RuleDataXmlDocString>
      <Status>0</Status>
    </SerializableConflictResolutionRule>
    <SerializableConflictResolutionRule>
      <StorageId>19</StorageId>
      <ReferenceName>8de27e8a-a4b0-40e9-9adc-f9b3b259767f</ReferenceName>
      <ConflictType>
        <StorageId>9</StorageId>
        <ReferenceName>ea1a518b-248b-43e3-90b2-62fe7eb5f366</ReferenceName>
        <FriendlyName>TFS WIT invalid field conflict type</FriendlyName>
        <IsActive>true</IsActive>
        <Provider>
          <StorageId>1</StorageId>
          <ReferenceName>b84b30dd-1496-462a-bd9d-5a078a617779</ReferenceName>
          <FriendlyName>TFS 11 Migration WIT Provider</FriendlyName>
          <ProviderVersion>1.0.0.0</ProviderVersion>
        </Provider>
      </ConflictType>
      <ResolutionAction>
        <StorageId>19</StorageId>
        <ReferenceName>3c8fe19d-3d02-4a19-bc5a-77640b0f5904</ReferenceName>
        <FriendlyName>Resolve invalid field conflict by dropping the field</FriendlyName>
        <IsActive>true</IsActive>
        <Provider>
          <StorageId>1</StorageId>
          <ReferenceName>b84b30dd-1496-462a-bd9d-5a078a617779</ReferenceName>
          <FriendlyName>TFS 11 Migration WIT Provider</FriendlyName>
          <ProviderVersion>1.0.0.0</ProviderVersion>
        </Provider>
      </ResolutionAction>
      <Scope>
        <StorageId>4</StorageId>
        <Scope>/sems software migration test 2/Bug</Scope>
      </Scope>
      <ScopeInfoUniqueId>0b8762c0-7aa3-47ab-9820-7610967aed81</ScopeInfoUniqueId>
      <SourceInfoUniqueId>c0456cfb-aad6-4408-bda3-da3a7f6b4e4c</SourceInfoUniqueId>
      <RuleDataXmlDocString>&lt;ConflictResolutionRule xmlns:xsi="http://www.w3.org/2001/XMLSchema-instance" xmlns:xsd="http://www.w3.org/2001/XMLSchema"&gt;&lt;RuleReferenceName&gt;8de27e8a-a4b0-40e9-9adc-f9b3b259767f&lt;/RuleReferenceName&gt;&lt;ActionReferenceName&gt;3c8fe19d-3d02-4a19-bc5a-77640b0f5904&lt;/ActionReferenceName&gt;&lt;ApplicabilityScope&gt;/sems software migration test 2/Bug&lt;/ApplicabilityScope&gt;&lt;DataField FieldName="InvalidFieldReferenceName" FieldValue="Mirror.System.Title" /&gt;&lt;DataField FieldName="UpdatedConfigurationId" FieldValue="18" /&gt;&lt;/ConflictResolutionRule&gt;</RuleDataXmlDocString>
      <Status>0</Status>
    </SerializableConflictResolutionRule>
    <SerializableConflictResolutionRule>
      <StorageId>20</StorageId>
      <ReferenceName>dec6a709-08b0-49a9-bf56-8496d62dc531</ReferenceName>
      <ConflictType>
        <StorageId>9</StorageId>
        <ReferenceName>ea1a518b-248b-43e3-90b2-62fe7eb5f366</ReferenceName>
        <FriendlyName>TFS WIT invalid field conflict type</FriendlyName>
        <IsActive>true</IsActive>
        <Provider>
          <StorageId>1</StorageId>
          <ReferenceName>b84b30dd-1496-462a-bd9d-5a078a617779</ReferenceName>
          <FriendlyName>TFS 11 Migration WIT Provider</FriendlyName>
          <ProviderVersion>1.0.0.0</ProviderVersion>
        </Provider>
      </ConflictType>
      <ResolutionAction>
        <StorageId>39</StorageId>
        <ReferenceName>fe028fac-6dd8-400a-b8ee-26cf63f8aaee</ReferenceName>
        <FriendlyName>Resolve invalid field conflict by using field mapping</FriendlyName>
        <IsActive>true</IsActive>
        <Provider>
          <StorageId>1</StorageId>
          <ReferenceName>b84b30dd-1496-462a-bd9d-5a078a617779</ReferenceName>
          <FriendlyName>TFS 11 Migration WIT Provider</FriendlyName>
          <ProviderVersion>1.0.0.0</ProviderVersion>
        </Provider>
      </ResolutionAction>
      <Scope>
        <StorageId>4</StorageId>
        <Scope>/sems software migration test 2/Bug</Scope>
      </Scope>
      <ScopeInfoUniqueId>0b8762c0-7aa3-47ab-9820-7610967aed81</ScopeInfoUniqueId>
      <SourceInfoUniqueId>c0456cfb-aad6-4408-bda3-da3a7f6b4e4c</SourceInfoUniqueId>
      <RuleDataXmlDocString>&lt;ConflictResolutionRule xmlns:xsi="http://www.w3.org/2001/XMLSchema-instance" xmlns:xsd="http://www.w3.org/2001/XMLSchema"&gt;&lt;RuleReferenceName&gt;dec6a709-08b0-49a9-bf56-8496d62dc531&lt;/RuleReferenceName&gt;&lt;ActionReferenceName&gt;fe028fac-6dd8-400a-b8ee-26cf63f8aaee&lt;/ActionReferenceName&gt;&lt;ApplicabilityScope&gt;/sems software migration test 2/Bug&lt;/ApplicabilityScope&gt;&lt;DataField FieldName="MapFrom" FieldValue="Microsoft.VSTS.Common.Priority" /&gt;&lt;DataField FieldName="MapTo" FieldValue="Microsoft.VSTS.Common.BacklogPriority" /&gt;&lt;DataField FieldName="UpdatedConfigurationId" FieldValue="19" /&gt;&lt;/ConflictResolutionRule&gt;</RuleDataXmlDocString>
      <Status>0</Status>
    </SerializableConflictResolutionRule>
    <SerializableConflictResolutionRule>
      <StorageId>21</StorageId>
      <ReferenceName>ab823cb4-d20d-4aa0-9259-14d000051e88</ReferenceName>
      <ConflictType>
        <StorageId>9</StorageId>
        <ReferenceName>ea1a518b-248b-43e3-90b2-62fe7eb5f366</ReferenceName>
        <FriendlyName>TFS WIT invalid field conflict type</FriendlyName>
        <IsActive>true</IsActive>
        <Provider>
          <StorageId>1</StorageId>
          <ReferenceName>b84b30dd-1496-462a-bd9d-5a078a617779</ReferenceName>
          <FriendlyName>TFS 11 Migration WIT Provider</FriendlyName>
          <ProviderVersion>1.0.0.0</ProviderVersion>
        </Provider>
      </ConflictType>
      <ResolutionAction>
        <StorageId>19</StorageId>
        <ReferenceName>3c8fe19d-3d02-4a19-bc5a-77640b0f5904</ReferenceName>
        <FriendlyName>Resolve invalid field conflict by dropping the field</FriendlyName>
        <IsActive>true</IsActive>
        <Provider>
          <StorageId>1</StorageId>
          <ReferenceName>b84b30dd-1496-462a-bd9d-5a078a617779</ReferenceName>
          <FriendlyName>TFS 11 Migration WIT Provider</FriendlyName>
          <ProviderVersion>1.0.0.0</ProviderVersion>
        </Provider>
      </ResolutionAction>
      <Scope>
        <StorageId>4</StorageId>
        <Scope>/sems software migration test 2/Bug</Scope>
      </Scope>
      <ScopeInfoUniqueId>0b8762c0-7aa3-47ab-9820-7610967aed81</ScopeInfoUniqueId>
      <SourceInfoUniqueId>c0456cfb-aad6-4408-bda3-da3a7f6b4e4c</SourceInfoUniqueId>
      <RuleDataXmlDocString>&lt;ConflictResolutionRule xmlns:xsi="http://www.w3.org/2001/XMLSchema-instance" xmlns:xsd="http://www.w3.org/2001/XMLSchema"&gt;&lt;RuleReferenceName&gt;ab823cb4-d20d-4aa0-9259-14d000051e88&lt;/RuleReferenceName&gt;&lt;ActionReferenceName&gt;3c8fe19d-3d02-4a19-bc5a-77640b0f5904&lt;/ActionReferenceName&gt;&lt;ApplicabilityScope&gt;/sems software migration test 2/Bug&lt;/ApplicabilityScope&gt;&lt;DataField FieldName="InvalidFieldReferenceName" FieldValue="Microsoft.VSTS.Common.ClosedBy" /&gt;&lt;DataField FieldName="UpdatedConfigurationId" FieldValue="20" /&gt;&lt;/ConflictResolutionRule&gt;</RuleDataXmlDocString>
      <Status>0</Status>
    </SerializableConflictResolutionRule>
    <SerializableConflictResolutionRule>
      <StorageId>22</StorageId>
      <ReferenceName>20ad2ad0-f048-4b27-9464-381cd01e98a6</ReferenceName>
      <ConflictType>
        <StorageId>9</StorageId>
        <ReferenceName>ea1a518b-248b-43e3-90b2-62fe7eb5f366</ReferenceName>
        <FriendlyName>TFS WIT invalid field conflict type</FriendlyName>
        <IsActive>true</IsActive>
        <Provider>
          <StorageId>1</StorageId>
          <ReferenceName>b84b30dd-1496-462a-bd9d-5a078a617779</ReferenceName>
          <FriendlyName>TFS 11 Migration WIT Provider</FriendlyName>
          <ProviderVersion>1.0.0.0</ProviderVersion>
        </Provider>
      </ConflictType>
      <ResolutionAction>
        <StorageId>19</StorageId>
        <ReferenceName>3c8fe19d-3d02-4a19-bc5a-77640b0f5904</ReferenceName>
        <FriendlyName>Resolve invalid field conflict by dropping the field</FriendlyName>
        <IsActive>true</IsActive>
        <Provider>
          <StorageId>1</StorageId>
          <ReferenceName>b84b30dd-1496-462a-bd9d-5a078a617779</ReferenceName>
          <FriendlyName>TFS 11 Migration WIT Provider</FriendlyName>
          <ProviderVersion>1.0.0.0</ProviderVersion>
        </Provider>
      </ResolutionAction>
      <Scope>
        <StorageId>4</StorageId>
        <Scope>/sems software migration test 2/Bug</Scope>
      </Scope>
      <ScopeInfoUniqueId>0b8762c0-7aa3-47ab-9820-7610967aed81</ScopeInfoUniqueId>
      <SourceInfoUniqueId>c0456cfb-aad6-4408-bda3-da3a7f6b4e4c</SourceInfoUniqueId>
      <RuleDataXmlDocString>&lt;ConflictResolutionRule xmlns:xsi="http://www.w3.org/2001/XMLSchema-instance" xmlns:xsd="http://www.w3.org/2001/XMLSchema"&gt;&lt;RuleReferenceName&gt;20ad2ad0-f048-4b27-9464-381cd01e98a6&lt;/RuleReferenceName&gt;&lt;ActionReferenceName&gt;3c8fe19d-3d02-4a19-bc5a-77640b0f5904&lt;/ActionReferenceName&gt;&lt;ApplicabilityScope&gt;/sems software migration test 2/Bug&lt;/ApplicabilityScope&gt;&lt;DataField FieldName="InvalidFieldReferenceName" FieldValue="Microsoft.VSTS.Common.ResolvedReason" /&gt;&lt;DataField FieldName="UpdatedConfigurationId" FieldValue="21" /&gt;&lt;/ConflictResolutionRule&gt;</RuleDataXmlDocString>
      <Status>0</Status>
    </SerializableConflictResolutionRule>
    <SerializableConflictResolutionRule>
      <StorageId>23</StorageId>
      <ReferenceName>1c89d51d-d39d-472a-b664-168beaae26b3</ReferenceName>
      <ConflictType>
        <StorageId>9</StorageId>
        <ReferenceName>ea1a518b-248b-43e3-90b2-62fe7eb5f366</ReferenceName>
        <FriendlyName>TFS WIT invalid field conflict type</FriendlyName>
        <IsActive>true</IsActive>
        <Provider>
          <StorageId>1</StorageId>
          <ReferenceName>b84b30dd-1496-462a-bd9d-5a078a617779</ReferenceName>
          <FriendlyName>TFS 11 Migration WIT Provider</FriendlyName>
          <ProviderVersion>1.0.0.0</ProviderVersion>
        </Provider>
      </ConflictType>
      <ResolutionAction>
        <StorageId>19</StorageId>
        <ReferenceName>3c8fe19d-3d02-4a19-bc5a-77640b0f5904</ReferenceName>
        <FriendlyName>Resolve invalid field conflict by dropping the field</FriendlyName>
        <IsActive>true</IsActive>
        <Provider>
          <StorageId>1</StorageId>
          <ReferenceName>b84b30dd-1496-462a-bd9d-5a078a617779</ReferenceName>
          <FriendlyName>TFS 11 Migration WIT Provider</FriendlyName>
          <ProviderVersion>1.0.0.0</ProviderVersion>
        </Provider>
      </ResolutionAction>
      <Scope>
        <StorageId>4</StorageId>
        <Scope>/sems software migration test 2/Bug</Scope>
      </Scope>
      <ScopeInfoUniqueId>0b8762c0-7aa3-47ab-9820-7610967aed81</ScopeInfoUniqueId>
      <SourceInfoUniqueId>c0456cfb-aad6-4408-bda3-da3a7f6b4e4c</SourceInfoUniqueId>
      <RuleDataXmlDocString>&lt;ConflictResolutionRule xmlns:xsi="http://www.w3.org/2001/XMLSchema-instance" xmlns:xsd="http://www.w3.org/2001/XMLSchema"&gt;&lt;RuleReferenceName&gt;1c89d51d-d39d-472a-b664-168beaae26b3&lt;/RuleReferenceName&gt;&lt;ActionReferenceName&gt;3c8fe19d-3d02-4a19-bc5a-77640b0f5904&lt;/ActionReferenceName&gt;&lt;ApplicabilityScope&gt;/sems software migration test 2/Bug&lt;/ApplicabilityScope&gt;&lt;DataField FieldName="InvalidFieldReferenceName" FieldValue="Microsoft.VSTS.Common.ResolvedBy" /&gt;&lt;DataField FieldName="UpdatedConfigurationId" FieldValue="22" /&gt;&lt;/ConflictResolutionRule&gt;</RuleDataXmlDocString>
      <Status>0</Status>
    </SerializableConflictResolutionRule>
    <SerializableConflictResolutionRule>
      <StorageId>24</StorageId>
      <ReferenceName>31506bc4-5be3-4af0-a318-8582c9af6324</ReferenceName>
      <ConflictType>
        <StorageId>9</StorageId>
        <ReferenceName>ea1a518b-248b-43e3-90b2-62fe7eb5f366</ReferenceName>
        <FriendlyName>TFS WIT invalid field conflict type</FriendlyName>
        <IsActive>true</IsActive>
        <Provider>
          <StorageId>1</StorageId>
          <ReferenceName>b84b30dd-1496-462a-bd9d-5a078a617779</ReferenceName>
          <FriendlyName>TFS 11 Migration WIT Provider</FriendlyName>
          <ProviderVersion>1.0.0.0</ProviderVersion>
        </Provider>
      </ConflictType>
      <ResolutionAction>
        <StorageId>19</StorageId>
        <ReferenceName>3c8fe19d-3d02-4a19-bc5a-77640b0f5904</ReferenceName>
        <FriendlyName>Resolve invalid field conflict by dropping the field</FriendlyName>
        <IsActive>true</IsActive>
        <Provider>
          <StorageId>1</StorageId>
          <ReferenceName>b84b30dd-1496-462a-bd9d-5a078a617779</ReferenceName>
          <FriendlyName>TFS 11 Migration WIT Provider</FriendlyName>
          <ProviderVersion>1.0.0.0</ProviderVersion>
        </Provider>
      </ResolutionAction>
      <Scope>
        <StorageId>4</StorageId>
        <Scope>/sems software migration test 2/Bug</Scope>
      </Scope>
      <ScopeInfoUniqueId>0b8762c0-7aa3-47ab-9820-7610967aed81</ScopeInfoUniqueId>
      <SourceInfoUniqueId>c0456cfb-aad6-4408-bda3-da3a7f6b4e4c</SourceInfoUniqueId>
      <RuleDataXmlDocString>&lt;ConflictResolutionRule xmlns:xsi="http://www.w3.org/2001/XMLSchema-instance" xmlns:xsd="http://www.w3.org/2001/XMLSchema"&gt;&lt;RuleReferenceName&gt;31506bc4-5be3-4af0-a318-8582c9af6324&lt;/RuleReferenceName&gt;&lt;ActionReferenceName&gt;3c8fe19d-3d02-4a19-bc5a-77640b0f5904&lt;/ActionReferenceName&gt;&lt;ApplicabilityScope&gt;/sems software migration test 2/Bug&lt;/ApplicabilityScope&gt;&lt;DataField FieldName="InvalidFieldReferenceName" FieldValue="Microsoft.VSTS.Common.ActivatedBy" /&gt;&lt;DataField FieldName="UpdatedConfigurationId" FieldValue="23" /&gt;&lt;/ConflictResolutionRule&gt;</RuleDataXmlDocString>
      <Status>0</Status>
    </SerializableConflictResolutionRule>
    <SerializableConflictResolutionRule>
      <StorageId>25</StorageId>
      <ReferenceName>470806d7-fa0f-441f-ab7b-b9f630d1f62e</ReferenceName>
      <ConflictType>
        <StorageId>9</StorageId>
        <ReferenceName>ea1a518b-248b-43e3-90b2-62fe7eb5f366</ReferenceName>
        <FriendlyName>TFS WIT invalid field conflict type</FriendlyName>
        <IsActive>true</IsActive>
        <Provider>
          <StorageId>1</StorageId>
          <ReferenceName>b84b30dd-1496-462a-bd9d-5a078a617779</ReferenceName>
          <FriendlyName>TFS 11 Migration WIT Provider</FriendlyName>
          <ProviderVersion>1.0.0.0</ProviderVersion>
        </Provider>
      </ConflictType>
      <ResolutionAction>
        <StorageId>19</StorageId>
        <ReferenceName>3c8fe19d-3d02-4a19-bc5a-77640b0f5904</ReferenceName>
        <FriendlyName>Resolve invalid field conflict by dropping the field</FriendlyName>
        <IsActive>true</IsActive>
        <Provider>
          <StorageId>1</StorageId>
          <ReferenceName>b84b30dd-1496-462a-bd9d-5a078a617779</ReferenceName>
          <FriendlyName>TFS 11 Migration WIT Provider</FriendlyName>
          <ProviderVersion>1.0.0.0</ProviderVersion>
        </Provider>
      </ResolutionAction>
      <Scope>
        <StorageId>12</StorageId>
        <Scope>/sems software migration test 2/Product Backlog Item</Scope>
      </Scope>
      <ScopeInfoUniqueId>0b8762c0-7aa3-47ab-9820-7610967aed81</ScopeInfoUniqueId>
      <SourceInfoUniqueId>c0456cfb-aad6-4408-bda3-da3a7f6b4e4c</SourceInfoUniqueId>
      <RuleDataXmlDocString>&lt;ConflictResolutionRule xmlns:xsi="http://www.w3.org/2001/XMLSchema-instance" xmlns:xsd="http://www.w3.org/2001/XMLSchema"&gt;&lt;RuleReferenceName&gt;470806d7-fa0f-441f-ab7b-b9f630d1f62e&lt;/RuleReferenceName&gt;&lt;ActionReferenceName&gt;3c8fe19d-3d02-4a19-bc5a-77640b0f5904&lt;/ActionReferenceName&gt;&lt;ApplicabilityScope&gt;/sems software migration test 2/Product Backlog Item&lt;/ApplicabilityScope&gt;&lt;DataField FieldName="InvalidFieldReferenceName" FieldValue="Mirror.System.AssignedTo" /&gt;&lt;DataField FieldName="UpdatedConfigurationId" FieldValue="25" /&gt;&lt;/ConflictResolutionRule&gt;</RuleDataXmlDocString>
      <Status>0</Status>
    </SerializableConflictResolutionRule>
    <SerializableConflictResolutionRule>
      <StorageId>26</StorageId>
      <ReferenceName>cb108b5e-e9e0-41b9-b982-7e0e9b170748</ReferenceName>
      <ConflictType>
        <StorageId>9</StorageId>
        <ReferenceName>ea1a518b-248b-43e3-90b2-62fe7eb5f366</ReferenceName>
        <FriendlyName>TFS WIT invalid field conflict type</FriendlyName>
        <IsActive>true</IsActive>
        <Provider>
          <StorageId>1</StorageId>
          <ReferenceName>b84b30dd-1496-462a-bd9d-5a078a617779</ReferenceName>
          <FriendlyName>TFS 11 Migration WIT Provider</FriendlyName>
          <ProviderVersion>1.0.0.0</ProviderVersion>
        </Provider>
      </ConflictType>
      <ResolutionAction>
        <StorageId>19</StorageId>
        <ReferenceName>3c8fe19d-3d02-4a19-bc5a-77640b0f5904</ReferenceName>
        <FriendlyName>Resolve invalid field conflict by dropping the field</FriendlyName>
        <IsActive>true</IsActive>
        <Provider>
          <StorageId>1</StorageId>
          <ReferenceName>b84b30dd-1496-462a-bd9d-5a078a617779</ReferenceName>
          <FriendlyName>TFS 11 Migration WIT Provider</FriendlyName>
          <ProviderVersion>1.0.0.0</ProviderVersion>
        </Provider>
      </ResolutionAction>
      <Scope>
        <StorageId>12</StorageId>
        <Scope>/sems software migration test 2/Product Backlog Item</Scope>
      </Scope>
      <ScopeInfoUniqueId>0b8762c0-7aa3-47ab-9820-7610967aed81</ScopeInfoUniqueId>
      <SourceInfoUniqueId>c0456cfb-aad6-4408-bda3-da3a7f6b4e4c</SourceInfoUniqueId>
      <RuleDataXmlDocString>&lt;ConflictResolutionRule xmlns:xsi="http://www.w3.org/2001/XMLSchema-instance" xmlns:xsd="http://www.w3.org/2001/XMLSchema"&gt;&lt;RuleReferenceName&gt;cb108b5e-e9e0-41b9-b982-7e0e9b170748&lt;/RuleReferenceName&gt;&lt;ActionReferenceName&gt;3c8fe19d-3d02-4a19-bc5a-77640b0f5904&lt;/ActionReferenceName&gt;&lt;ApplicabilityScope&gt;/sems software migration test 2/Product Backlog Item&lt;/ApplicabilityScope&gt;&lt;DataField FieldName="InvalidFieldReferenceName" FieldValue="Mirror.System.Title" /&gt;&lt;DataField FieldName="UpdatedConfigurationId" FieldValue="29" /&gt;&lt;/ConflictResolutionRule&gt;</RuleDataXmlDocString>
      <Status>0</Status>
    </SerializableConflictResolutionRule>
    <SerializableConflictResolutionRule>
      <StorageId>27</StorageId>
      <ReferenceName>d0e159a7-6b85-4858-b7bb-d453fd8a52e3</ReferenceName>
      <ConflictType>
        <StorageId>9</StorageId>
        <ReferenceName>ea1a518b-248b-43e3-90b2-62fe7eb5f366</ReferenceName>
        <FriendlyName>TFS WIT invalid field conflict type</FriendlyName>
        <IsActive>true</IsActive>
        <Provider>
          <StorageId>1</StorageId>
          <ReferenceName>b84b30dd-1496-462a-bd9d-5a078a617779</ReferenceName>
          <FriendlyName>TFS 11 Migration WIT Provider</FriendlyName>
          <ProviderVersion>1.0.0.0</ProviderVersion>
        </Provider>
      </ConflictType>
      <ResolutionAction>
        <StorageId>19</StorageId>
        <ReferenceName>3c8fe19d-3d02-4a19-bc5a-77640b0f5904</ReferenceName>
        <FriendlyName>Resolve invalid field conflict by dropping the field</FriendlyName>
        <IsActive>true</IsActive>
        <Provider>
          <StorageId>1</StorageId>
          <ReferenceName>b84b30dd-1496-462a-bd9d-5a078a617779</ReferenceName>
          <FriendlyName>TFS 11 Migration WIT Provider</FriendlyName>
          <ProviderVersion>1.0.0.0</ProviderVersion>
        </Provider>
      </ResolutionAction>
      <Scope>
        <StorageId>12</StorageId>
        <Scope>/sems software migration test 2/Product Backlog Item</Scope>
      </Scope>
      <ScopeInfoUniqueId>0b8762c0-7aa3-47ab-9820-7610967aed81</ScopeInfoUniqueId>
      <SourceInfoUniqueId>c0456cfb-aad6-4408-bda3-da3a7f6b4e4c</SourceInfoUniqueId>
      <RuleDataXmlDocString>&lt;ConflictResolutionRule xmlns:xsi="http://www.w3.org/2001/XMLSchema-instance" xmlns:xsd="http://www.w3.org/2001/XMLSchema"&gt;&lt;RuleReferenceName&gt;d0e159a7-6b85-4858-b7bb-d453fd8a52e3&lt;/RuleReferenceName&gt;&lt;ActionReferenceName&gt;3c8fe19d-3d02-4a19-bc5a-77640b0f5904&lt;/ActionReferenceName&gt;&lt;ApplicabilityScope&gt;/sems software migration test 2/Product Backlog Item&lt;/ApplicabilityScope&gt;&lt;DataField FieldName="InvalidFieldReferenceName" FieldValue="Microsoft.VSTS.Common.Risk" /&gt;&lt;DataField FieldName="UpdatedConfigurationId" FieldValue="35" /&gt;&lt;/ConflictResolutionRule&gt;</RuleDataXmlDocString>
      <Status>0</Status>
    </SerializableConflictResolutionRule>
    <SerializableConflictResolutionRule>
      <StorageId>28</StorageId>
      <ReferenceName>26a29834-2d76-424a-8d5d-8fa62838b4af</ReferenceName>
      <ConflictType>
        <StorageId>9</StorageId>
        <ReferenceName>ea1a518b-248b-43e3-90b2-62fe7eb5f366</ReferenceName>
        <FriendlyName>TFS WIT invalid field conflict type</FriendlyName>
        <IsActive>true</IsActive>
        <Provider>
          <StorageId>1</StorageId>
          <ReferenceName>b84b30dd-1496-462a-bd9d-5a078a617779</ReferenceName>
          <FriendlyName>TFS 11 Migration WIT Provider</FriendlyName>
          <ProviderVersion>1.0.0.0</ProviderVersion>
        </Provider>
      </ConflictType>
      <ResolutionAction>
        <StorageId>19</StorageId>
        <ReferenceName>3c8fe19d-3d02-4a19-bc5a-77640b0f5904</ReferenceName>
        <FriendlyName>Resolve invalid field conflict by dropping the field</FriendlyName>
        <IsActive>true</IsActive>
        <Provider>
          <StorageId>1</StorageId>
          <ReferenceName>b84b30dd-1496-462a-bd9d-5a078a617779</ReferenceName>
          <FriendlyName>TFS 11 Migration WIT Provider</FriendlyName>
          <ProviderVersion>1.0.0.0</ProviderVersion>
        </Provider>
      </ResolutionAction>
      <Scope>
        <StorageId>4</StorageId>
        <Scope>/sems software migration test 2/Bug</Scope>
      </Scope>
      <ScopeInfoUniqueId>0b8762c0-7aa3-47ab-9820-7610967aed81</ScopeInfoUniqueId>
      <SourceInfoUniqueId>c0456cfb-aad6-4408-bda3-da3a7f6b4e4c</SourceInfoUniqueId>
      <RuleDataXmlDocString>&lt;ConflictResolutionRule xmlns:xsi="http://www.w3.org/2001/XMLSchema-instance" xmlns:xsd="http://www.w3.org/2001/XMLSchema"&gt;&lt;RuleReferenceName&gt;26a29834-2d76-424a-8d5d-8fa62838b4af&lt;/RuleReferenceName&gt;&lt;ActionReferenceName&gt;3c8fe19d-3d02-4a19-bc5a-77640b0f5904&lt;/ActionReferenceName&gt;&lt;ApplicabilityScope&gt;/sems software migration test 2/Bug&lt;/ApplicabilityScope&gt;&lt;DataField FieldName="InvalidFieldReferenceName" FieldValue="Microsoft.VSTS.Common.Risk" /&gt;&lt;DataField FieldName="UpdatedConfigurationId" FieldValue="44" /&gt;&lt;/ConflictResolutionRule&gt;</RuleDataXmlDocString>
      <Status>0</Status>
    </SerializableConflictResolutionRule>
    <SerializableConflictResolutionRule>
      <StorageId>29</StorageId>
      <ReferenceName>5d1805e8-858e-4498-8e8a-9c7116949412</ReferenceName>
      <ConflictType>
        <StorageId>9</StorageId>
        <ReferenceName>ea1a518b-248b-43e3-90b2-62fe7eb5f366</ReferenceName>
        <FriendlyName>TFS WIT invalid field conflict type</FriendlyName>
        <IsActive>true</IsActive>
        <Provider>
          <StorageId>1</StorageId>
          <ReferenceName>b84b30dd-1496-462a-bd9d-5a078a617779</ReferenceName>
          <FriendlyName>TFS 11 Migration WIT Provider</FriendlyName>
          <ProviderVersion>1.0.0.0</ProviderVersion>
        </Provider>
      </ConflictType>
      <ResolutionAction>
        <StorageId>39</StorageId>
        <ReferenceName>fe028fac-6dd8-400a-b8ee-26cf63f8aaee</ReferenceName>
        <FriendlyName>Resolve invalid field conflict by using field mapping</FriendlyName>
        <IsActive>true</IsActive>
        <Provider>
          <StorageId>1</StorageId>
          <ReferenceName>b84b30dd-1496-462a-bd9d-5a078a617779</ReferenceName>
          <FriendlyName>TFS 11 Migration WIT Provider</FriendlyName>
          <ProviderVersion>1.0.0.0</ProviderVersion>
        </Provider>
      </ResolutionAction>
      <Scope>
        <StorageId>12</StorageId>
        <Scope>/sems software migration test 2/Product Backlog Item</Scope>
      </Scope>
      <ScopeInfoUniqueId>0b8762c0-7aa3-47ab-9820-7610967aed81</ScopeInfoUniqueId>
      <SourceInfoUniqueId>c0456cfb-aad6-4408-bda3-da3a7f6b4e4c</SourceInfoUniqueId>
      <RuleDataXmlDocString>&lt;ConflictResolutionRule xmlns:xsi="http://www.w3.org/2001/XMLSchema-instance" xmlns:xsd="http://www.w3.org/2001/XMLSchema"&gt;&lt;RuleReferenceName&gt;5d1805e8-858e-4498-8e8a-9c7116949412&lt;/RuleReferenceName&gt;&lt;ActionReferenceName&gt;fe028fac-6dd8-400a-b8ee-26cf63f8aaee&lt;/ActionReferenceName&gt;&lt;ApplicabilityScope&gt;/sems software migration test 2/Product Backlog Item&lt;/ApplicabilityScope&gt;&lt;DataField FieldName="MapFrom" FieldValue="Microsoft.VSTS.Common.ResolvedReason" /&gt;&lt;DataField FieldName="MapTo" FieldValue="System.Reason" /&gt;&lt;DataField FieldName="UpdatedConfigurationId" FieldValue="46" /&gt;&lt;/ConflictResolutionRule&gt;</RuleDataXmlDocString>
      <Status>0</Status>
    </SerializableConflictResolutionRule>
    <SerializableConflictResolutionRule>
      <StorageId>30</StorageId>
      <ReferenceName>3d5e862d-4313-4cd5-888e-fc009dd158c0</ReferenceName>
      <ConflictType>
        <StorageId>9</StorageId>
        <ReferenceName>ea1a518b-248b-43e3-90b2-62fe7eb5f366</ReferenceName>
        <FriendlyName>TFS WIT invalid field conflict type</FriendlyName>
        <IsActive>true</IsActive>
        <Provider>
          <StorageId>1</StorageId>
          <ReferenceName>b84b30dd-1496-462a-bd9d-5a078a617779</ReferenceName>
          <FriendlyName>TFS 11 Migration WIT Provider</FriendlyName>
          <ProviderVersion>1.0.0.0</ProviderVersion>
        </Provider>
      </ConflictType>
      <ResolutionAction>
        <StorageId>19</StorageId>
        <ReferenceName>3c8fe19d-3d02-4a19-bc5a-77640b0f5904</ReferenceName>
        <FriendlyName>Resolve invalid field conflict by dropping the field</FriendlyName>
        <IsActive>true</IsActive>
        <Provider>
          <StorageId>1</StorageId>
          <ReferenceName>b84b30dd-1496-462a-bd9d-5a078a617779</ReferenceName>
          <FriendlyName>TFS 11 Migration WIT Provider</FriendlyName>
          <ProviderVersion>1.0.0.0</ProviderVersion>
        </Provider>
      </ResolutionAction>
      <Scope>
        <StorageId>12</StorageId>
        <Scope>/sems software migration test 2/Product Backlog Item</Scope>
      </Scope>
      <ScopeInfoUniqueId>0b8762c0-7aa3-47ab-9820-7610967aed81</ScopeInfoUniqueId>
      <SourceInfoUniqueId>c0456cfb-aad6-4408-bda3-da3a7f6b4e4c</SourceInfoUniqueId>
      <RuleDataXmlDocString>&lt;ConflictResolutionRule xmlns:xsi="http://www.w3.org/2001/XMLSchema-instance" xmlns:xsd="http://www.w3.org/2001/XMLSchema"&gt;&lt;RuleReferenceName&gt;3d5e862d-4313-4cd5-888e-fc009dd158c0&lt;/RuleReferenceName&gt;&lt;ActionReferenceName&gt;3c8fe19d-3d02-4a19-bc5a-77640b0f5904&lt;/ActionReferenceName&gt;&lt;ApplicabilityScope&gt;/sems software migration test 2/Product Backlog Item&lt;/ApplicabilityScope&gt;&lt;DataField FieldName="InvalidFieldReferenceName" FieldValue="Microsoft.VSTS.Common.ResolvedBy" /&gt;&lt;DataField FieldName="UpdatedConfigurationId" FieldValue="48" /&gt;&lt;/ConflictResolutionRule&gt;</RuleDataXmlDocString>
      <Status>0</Status>
    </SerializableConflictResolutionRule>
    <SerializableConflictResolutionRule>
      <StorageId>31</StorageId>
      <ReferenceName>26019054-3c05-4b2b-8d2a-f560ea01b50a</ReferenceName>
      <ConflictType>
        <StorageId>9</StorageId>
        <ReferenceName>ea1a518b-248b-43e3-90b2-62fe7eb5f366</ReferenceName>
        <FriendlyName>TFS WIT invalid field conflict type</FriendlyName>
        <IsActive>true</IsActive>
        <Provider>
          <StorageId>1</StorageId>
          <ReferenceName>b84b30dd-1496-462a-bd9d-5a078a617779</ReferenceName>
          <FriendlyName>TFS 11 Migration WIT Provider</FriendlyName>
          <ProviderVersion>1.0.0.0</ProviderVersion>
        </Provider>
      </ConflictType>
      <ResolutionAction>
        <StorageId>39</StorageId>
        <ReferenceName>fe028fac-6dd8-400a-b8ee-26cf63f8aaee</ReferenceName>
        <FriendlyName>Resolve invalid field conflict by using field mapping</FriendlyName>
        <IsActive>true</IsActive>
        <Provider>
          <StorageId>1</StorageId>
          <ReferenceName>b84b30dd-1496-462a-bd9d-5a078a617779</ReferenceName>
          <FriendlyName>TFS 11 Migration WIT Provider</FriendlyName>
          <ProviderVersion>1.0.0.0</ProviderVersion>
        </Provider>
      </ResolutionAction>
      <Scope>
        <StorageId>13</StorageId>
        <Scope>/sems software migration test 2/Task</Scope>
      </Scope>
      <ScopeInfoUniqueId>0b8762c0-7aa3-47ab-9820-7610967aed81</ScopeInfoUniqueId>
      <SourceInfoUniqueId>c0456cfb-aad6-4408-bda3-da3a7f6b4e4c</SourceInfoUniqueId>
      <RuleDataXmlDocString>&lt;ConflictResolutionRule xmlns:xsi="http://www.w3.org/2001/XMLSchema-instance" xmlns:xsd="http://www.w3.org/2001/XMLSchema"&gt;&lt;RuleReferenceName&gt;26019054-3c05-4b2b-8d2a-f560ea01b50a&lt;/RuleReferenceName&gt;&lt;ActionReferenceName&gt;fe028fac-6dd8-400a-b8ee-26cf63f8aaee&lt;/ActionReferenceName&gt;&lt;ApplicabilityScope&gt;/sems software migration test 2/Task&lt;/ApplicabilityScope&gt;&lt;DataField FieldName="MapFrom" FieldValue="Microsoft.VSTS.Scheduling.OriginalEstimate" /&gt;&lt;DataField FieldName="MapTo" FieldValue="Mmm.Scrum.OriginalEstimate" /&gt;&lt;DataField FieldName="UpdatedConfigurationId" FieldValue="53" /&gt;&lt;/ConflictResolutionRule&gt;</RuleDataXmlDocString>
      <Status>0</Status>
    </SerializableConflictResolutionRule>
    <SerializableConflictResolutionRule>
      <StorageId>32</StorageId>
      <ReferenceName>1750f9ff-aa35-495b-b205-068f6f79ce05</ReferenceName>
      <ConflictType>
        <StorageId>9</StorageId>
        <ReferenceName>ea1a518b-248b-43e3-90b2-62fe7eb5f366</ReferenceName>
        <FriendlyName>TFS WIT invalid field conflict type</FriendlyName>
        <IsActive>true</IsActive>
        <Provider>
          <StorageId>1</StorageId>
          <ReferenceName>b84b30dd-1496-462a-bd9d-5a078a617779</ReferenceName>
          <FriendlyName>TFS 11 Migration WIT Provider</FriendlyName>
          <ProviderVersion>1.0.0.0</ProviderVersion>
        </Provider>
      </ConflictType>
      <ResolutionAction>
        <StorageId>19</StorageId>
        <ReferenceName>3c8fe19d-3d02-4a19-bc5a-77640b0f5904</ReferenceName>
        <FriendlyName>Resolve invalid field conflict by dropping the field</FriendlyName>
        <IsActive>true</IsActive>
        <Provider>
          <StorageId>1</StorageId>
          <ReferenceName>b84b30dd-1496-462a-bd9d-5a078a617779</ReferenceName>
          <FriendlyName>TFS 11 Migration WIT Provider</FriendlyName>
          <ProviderVersion>1.0.0.0</ProviderVersion>
        </Provider>
      </ResolutionAction>
      <Scope>
        <StorageId>12</StorageId>
        <Scope>/sems software migration test 2/Product Backlog Item</Scope>
      </Scope>
      <ScopeInfoUniqueId>0b8762c0-7aa3-47ab-9820-7610967aed81</ScopeInfoUniqueId>
      <SourceInfoUniqueId>c0456cfb-aad6-4408-bda3-da3a7f6b4e4c</SourceInfoUniqueId>
      <RuleDataXmlDocString>&lt;ConflictResolutionRule xmlns:xsi="http://www.w3.org/2001/XMLSchema-instance" xmlns:xsd="http://www.w3.org/2001/XMLSchema"&gt;&lt;RuleReferenceName&gt;1750f9ff-aa35-495b-b205-068f6f79ce05&lt;/RuleReferenceName&gt;&lt;ActionReferenceName&gt;3c8fe19d-3d02-4a19-bc5a-77640b0f5904&lt;/ActionReferenceName&gt;&lt;ApplicabilityScope&gt;/sems software migration test 2/Product Backlog Item&lt;/ApplicabilityScope&gt;&lt;DataField FieldName="InvalidFieldReferenceName" FieldValue="Microsoft.VSTS.Common.StateChangeDate" /&gt;&lt;DataField FieldName="UpdatedConfigurationId" FieldValue="62" /&gt;&lt;/ConflictResolutionRule&gt;</RuleDataXmlDocString>
      <Status>0</Status>
    </SerializableConflictResolutionRule>
    <SerializableConflictResolutionRule>
      <StorageId>33</StorageId>
      <ReferenceName>020e9338-14f6-409f-aa13-0c6b37a685e9</ReferenceName>
      <ConflictType>
        <StorageId>8</StorageId>
        <ReferenceName>f6dab314-2792-40d9-86cc-b40f5b827d86</ReferenceName>
        <FriendlyName>Runtime Error</FriendlyName>
        <IsActive>true</IsActive>
        <Provider>
          <StorageId>3</StorageId>
          <ReferenceName>ddbd5e6f-12c3-4a0a-a381-725c0622697e</ReferenceName>
          <FriendlyName>Team Foundation Server Migration and Synchronization Framework</FriendlyName>
          <ProviderVersion>1.0.0.0</ProviderVersion>
        </Provider>
      </ConflictType>
      <ResolutionAction>
        <StorageId>10</StorageId>
        <ReferenceName>cab359a9-5095-4fdc-8d43-0b2245e51851</ReferenceName>
        <FriendlyName>Retry</FriendlyName>
        <IsActive>true</IsActive>
        <Provider>
          <StorageId>3</StorageId>
          <ReferenceName>ddbd5e6f-12c3-4a0a-a381-725c0622697e</ReferenceName>
          <FriendlyName>Team Foundation Server Migration and Synchronization Framework</FriendlyName>
          <ProviderVersion>1.0.0.0</ProviderVersion>
        </Provider>
      </ResolutionAction>
      <Scope>
        <StorageId>14</StorageId>
        <Scope>/System.OutOfMemoryException/Exception of type 'System.OutOfMemoryException' was thrown.</Scope>
      </Scope>
      <ScopeInfoUniqueId>0b8762c0-7aa3-47ab-9820-7610967aed81</ScopeInfoUniqueId>
      <SourceInfoUniqueId>c0456cfb-aad6-4408-bda3-da3a7f6b4e4c</SourceInfoUniqueId>
      <RuleDataXmlDocString>&lt;ConflictResolutionRule xmlns:xsi="http://www.w3.org/2001/XMLSchema-instance" xmlns:xsd="http://www.w3.org/2001/XMLSchema"&gt;&lt;RuleReferenceName&gt;020e9338-14f6-409f-aa13-0c6b37a685e9&lt;/RuleReferenceName&gt;&lt;ActionReferenceName&gt;cab359a9-5095-4fdc-8d43-0b2245e51851&lt;/ActionReferenceName&gt;&lt;ApplicabilityScope&gt;/System.OutOfMemoryException/Exception of type 'System.OutOfMemoryException' was thrown.&lt;/ApplicabilityScope&gt;&lt;/ConflictResolutionRule&gt;</RuleDataXmlDocString>
      <Status>2</Status>
    </SerializableConflictResolutionRule>
    <SerializableConflictResolutionRule>
      <StorageId>34</StorageId>
      <ReferenceName>efd10bb9-0aa4-463e-b624-85c3a5001058</ReferenceName>
      <ConflictType>
        <StorageId>9</StorageId>
        <ReferenceName>ea1a518b-248b-43e3-90b2-62fe7eb5f366</ReferenceName>
        <FriendlyName>TFS WIT invalid field conflict type</FriendlyName>
        <IsActive>true</IsActive>
        <Provider>
          <StorageId>1</StorageId>
          <ReferenceName>b84b30dd-1496-462a-bd9d-5a078a617779</ReferenceName>
          <FriendlyName>TFS 11 Migration WIT Provider</FriendlyName>
          <ProviderVersion>1.0.0.0</ProviderVersion>
        </Provider>
      </ConflictType>
      <ResolutionAction>
        <StorageId>19</StorageId>
        <ReferenceName>3c8fe19d-3d02-4a19-bc5a-77640b0f5904</ReferenceName>
        <FriendlyName>Resolve invalid field conflict by dropping the field</FriendlyName>
        <IsActive>true</IsActive>
        <Provider>
          <StorageId>1</StorageId>
          <ReferenceName>b84b30dd-1496-462a-bd9d-5a078a617779</ReferenceName>
          <FriendlyName>TFS 11 Migration WIT Provider</FriendlyName>
          <ProviderVersion>1.0.0.0</ProviderVersion>
        </Provider>
      </ResolutionAction>
      <Scope>
        <StorageId>4</StorageId>
        <Scope>/sems software migration test 2/Bug</Scope>
      </Scope>
      <ScopeInfoUniqueId>0b8762c0-7aa3-47ab-9820-7610967aed81</ScopeInfoUniqueId>
      <SourceInfoUniqueId>c0456cfb-aad6-4408-bda3-da3a7f6b4e4c</SourceInfoUniqueId>
      <RuleDataXmlDocString>&lt;ConflictResolutionRule xmlns:xsi="http://www.w3.org/2001/XMLSchema-instance" xmlns:xsd="http://www.w3.org/2001/XMLSchema"&gt;&lt;RuleReferenceName&gt;efd10bb9-0aa4-463e-b624-85c3a5001058&lt;/RuleReferenceName&gt;&lt;ActionReferenceName&gt;3c8fe19d-3d02-4a19-bc5a-77640b0f5904&lt;/ActionReferenceName&gt;&lt;ApplicabilityScope&gt;/sems software migration test 2/Bug&lt;/ApplicabilityScope&gt;&lt;DataField FieldName="InvalidFieldReferenceName" FieldValue="Microsoft.VSTS.Common.StateChangeDate" /&gt;&lt;DataField FieldName="UpdatedConfigurationId" FieldValue="67" /&gt;&lt;/ConflictResolutionRule&gt;</RuleDataXmlDocString>
      <Status>0</Status>
    </SerializableConflictResolutionRule>
    <SerializableConflictResolutionRule>
      <StorageId>35</StorageId>
      <ReferenceName>a0114d09-ab95-4638-80e3-02658877cd17</ReferenceName>
      <ConflictType>
        <StorageId>9</StorageId>
        <ReferenceName>ea1a518b-248b-43e3-90b2-62fe7eb5f366</ReferenceName>
        <FriendlyName>TFS WIT invalid field conflict type</FriendlyName>
        <IsActive>true</IsActive>
        <Provider>
          <StorageId>1</StorageId>
          <ReferenceName>b84b30dd-1496-462a-bd9d-5a078a617779</ReferenceName>
          <FriendlyName>TFS 11 Migration WIT Provider</FriendlyName>
          <ProviderVersion>1.0.0.0</ProviderVersion>
        </Provider>
      </ConflictType>
      <ResolutionAction>
        <StorageId>39</StorageId>
        <ReferenceName>fe028fac-6dd8-400a-b8ee-26cf63f8aaee</ReferenceName>
        <FriendlyName>Resolve invalid field conflict by using field mapping</FriendlyName>
        <IsActive>true</IsActive>
        <Provider>
          <StorageId>1</StorageId>
          <ReferenceName>b84b30dd-1496-462a-bd9d-5a078a617779</ReferenceName>
          <FriendlyName>TFS 11 Migration WIT Provider</FriendlyName>
          <ProviderVersion>1.0.0.0</ProviderVersion>
        </Provider>
      </ResolutionAction>
      <Scope>
        <StorageId>13</StorageId>
        <Scope>/sems software migration test 2/Task</Scope>
      </Scope>
      <ScopeInfoUniqueId>0b8762c0-7aa3-47ab-9820-7610967aed81</ScopeInfoUniqueId>
      <SourceInfoUniqueId>c0456cfb-aad6-4408-bda3-da3a7f6b4e4c</SourceInfoUniqueId>
      <RuleDataXmlDocString>&lt;ConflictResolutionRule xmlns:xsi="http://www.w3.org/2001/XMLSchema-instance" xmlns:xsd="http://www.w3.org/2001/XMLSchema"&gt;&lt;RuleReferenceName&gt;a0114d09-ab95-4638-80e3-02658877cd17&lt;/RuleReferenceName&gt;&lt;ActionReferenceName&gt;fe028fac-6dd8-400a-b8ee-26cf63f8aaee&lt;/ActionReferenceName&gt;&lt;ApplicabilityScope&gt;/sems software migration test 2/Task&lt;/ApplicabilityScope&gt;&lt;DataField FieldName="MapFrom" FieldValue="Microsoft.VSTS.Scheduling.CompletedWork" /&gt;&lt;DataField FieldName="MapTo" FieldValue="Mmm.Scrum.Completed" /&gt;&lt;DataField FieldName="UpdatedConfigurationId" FieldValue="69" /&gt;&lt;/ConflictResolutionRule&gt;</RuleDataXmlDocString>
      <Status>0</Status>
    </SerializableConflictResolutionRule>
    <SerializableConflictResolutionRule>
      <StorageId>36</StorageId>
      <ReferenceName>fb82e04f-9cab-4a0d-be44-c58014aa1963</ReferenceName>
      <ConflictType>
        <StorageId>9</StorageId>
        <ReferenceName>ea1a518b-248b-43e3-90b2-62fe7eb5f366</ReferenceName>
        <FriendlyName>TFS WIT invalid field conflict type</FriendlyName>
        <IsActive>true</IsActive>
        <Provider>
          <StorageId>1</StorageId>
          <ReferenceName>b84b30dd-1496-462a-bd9d-5a078a617779</ReferenceName>
          <FriendlyName>TFS 11 Migration WIT Provider</FriendlyName>
          <ProviderVersion>1.0.0.0</ProviderVersion>
        </Provider>
      </ConflictType>
      <ResolutionAction>
        <StorageId>19</StorageId>
        <ReferenceName>3c8fe19d-3d02-4a19-bc5a-77640b0f5904</ReferenceName>
        <FriendlyName>Resolve invalid field conflict by dropping the field</FriendlyName>
        <IsActive>true</IsActive>
        <Provider>
          <StorageId>1</StorageId>
          <ReferenceName>b84b30dd-1496-462a-bd9d-5a078a617779</ReferenceName>
          <FriendlyName>TFS 11 Migration WIT Provider</FriendlyName>
          <ProviderVersion>1.0.0.0</ProviderVersion>
        </Provider>
      </ResolutionAction>
      <Scope>
        <StorageId>13</StorageId>
        <Scope>/sems software migration test 2/Task</Scope>
      </Scope>
      <ScopeInfoUniqueId>0b8762c0-7aa3-47ab-9820-7610967aed81</ScopeInfoUniqueId>
      <SourceInfoUniqueId>c0456cfb-aad6-4408-bda3-da3a7f6b4e4c</SourceInfoUniqueId>
      <RuleDataXmlDocString>&lt;ConflictResolutionRule xmlns:xsi="http://www.w3.org/2001/XMLSchema-instance" xmlns:xsd="http://www.w3.org/2001/XMLSchema"&gt;&lt;RuleReferenceName&gt;fb82e04f-9cab-4a0d-be44-c58014aa1963&lt;/RuleReferenceName&gt;&lt;ActionReferenceName&gt;3c8fe19d-3d02-4a19-bc5a-77640b0f5904&lt;/ActionReferenceName&gt;&lt;ApplicabilityScope&gt;/sems software migration test 2/Task&lt;/ApplicabilityScope&gt;&lt;DataField FieldName="InvalidFieldReferenceName" FieldValue="Microsoft.VSTS.Common.StackRank" /&gt;&lt;DataField FieldName="UpdatedConfigurationId" FieldValue="81" /&gt;&lt;/ConflictResolutionRule&gt;</RuleDataXmlDocString>
      <Status>0</Status>
    </SerializableConflictResolutionRule>
  </Rules>
</SerializableConflictResolutionRuleCollection>