<?xml version="1.0"?>
<doc>
    <assembly>
        <name>Microsoft.TeamFoundation.Build2.WebApi</name>
    </assembly>
    <members>
        <member name="P:Microsoft.TeamFoundation.Build.WebApi.ArtifactResource.Type">
            <summary>
            The type of the resource: File container, version control folder, UNC path, etc.
            </summary>
        </member>
        <member name="P:Microsoft.TeamFoundation.Build.WebApi.ArtifactResource.Data">
            <summary>
            The type-specific resource data.
            For example, "#/10002/5/drop", "$/drops/5", "\\myshare\myfolder\mydrops\5"
            </summary>
        </member>
        <member name="P:Microsoft.TeamFoundation.Build.WebApi.ArtifactResource.Url">
            <summary>
            Link to the resource
            </summary>
        </member>
        <member name="P:Microsoft.TeamFoundation.Build.WebApi.ArtifactResource.DownloadUrl">
            <summary>
            Link to the resource.
            This might include things like query parameters to download as a zip file
            </summary>
        </member>
        <member name="T:Microsoft.TeamFoundation.Build.WebApi.Build">
            <summary>
            Data representation of a build
            </summary>
        </member>
        <member name="P:Microsoft.TeamFoundation.Build.WebApi.Build.Id">
            <summary>
            Id of the build
            </summary>
        </member>
        <member name="P:Microsoft.TeamFoundation.Build.WebApi.Build.Url">
            <summary>
            REST url of the build
            </summary>
        </member>
        <member name="P:Microsoft.TeamFoundation.Build.WebApi.Build.Definition">
            <summary>
            The definition associated with the build
            </summary>
        </member>
        <member name="P:Microsoft.TeamFoundation.Build.WebApi.Build.BuildNumber">
            <summary>
            Build number/name of the build
            </summary>
        </member>
        <member name="P:Microsoft.TeamFoundation.Build.WebApi.Build.Project">
            <summary>
            The team project
            </summary>
        </member>
        <member name="P:Microsoft.TeamFoundation.Build.WebApi.Build.Uri">
            <summary>
            Uri of the build
            </summary>
        </member>
        <member name="P:Microsoft.TeamFoundation.Build.WebApi.Build.SourceBranch">
            <summary>
            Source branch
            </summary>
        </member>
        <member name="P:Microsoft.TeamFoundation.Build.WebApi.Build.SourceVersion">
            <summary>
            Source version
            </summary>
        </member>
        <member name="P:Microsoft.TeamFoundation.Build.WebApi.Build.Status">
            <summary>
            Status of the build
            </summary>
        </member>
        <member name="P:Microsoft.TeamFoundation.Build.WebApi.Build.Queue">
            <summary>
            The queue. This should only be set if the definition type is Build.
            </summary>
        </member>
        <member name="P:Microsoft.TeamFoundation.Build.WebApi.Build.Controller">
            <summary>
            The build controller. This should only be set if the definition type is Xaml.
            </summary>
        </member>
        <member name="P:Microsoft.TeamFoundation.Build.WebApi.Build.QueueTime">
            <summary>
            Time that the build was queued
            </summary>
        </member>
        <member name="P:Microsoft.TeamFoundation.Build.WebApi.Build.QueuePosition">
            <summary>
            The current position of the build in the queue
            </summary>
        </member>
        <member name="P:Microsoft.TeamFoundation.Build.WebApi.Build.Priority">
            <summary>
            The build's priority
            </summary>
        </member>
        <member name="P:Microsoft.TeamFoundation.Build.WebApi.Build.StartTime">
            <summary>
            Time that the build was started
            </summary>
        </member>
        <member name="P:Microsoft.TeamFoundation.Build.WebApi.Build.FinishTime">
            <summary>
            Time that the build was completed
            </summary>
        </member>
        <member name="P:Microsoft.TeamFoundation.Build.WebApi.Build.Reason">
            <summary>
            Reason that the build was created
            </summary>
        </member>
        <member name="P:Microsoft.TeamFoundation.Build.WebApi.Build.Result">
            <summary>
            The build result
            </summary>
        </member>
        <member name="P:Microsoft.TeamFoundation.Build.WebApi.Build.RequestedFor">
            <summary>
            The identity on whose behalf the build was queued
            </summary>
        </member>
        <member name="P:Microsoft.TeamFoundation.Build.WebApi.Build.RequestedBy">
            <summary>
            The identity that queued the build
            </summary>
        </member>
        <member name="P:Microsoft.TeamFoundation.Build.WebApi.Build.LastChangedDate">
            <summary>
            Date the build was last changed
            </summary>
        </member>
        <member name="P:Microsoft.TeamFoundation.Build.WebApi.Build.LastChangedBy">
            <summary>
            Process or person that last changed the build
            </summary>
        </member>
        <member name="P:Microsoft.TeamFoundation.Build.WebApi.Build.Parameters">
            <summary>
            Parameters for the build
            </summary>
        </member>
        <member name="P:Microsoft.TeamFoundation.Build.WebApi.Build.Demands">
            <summary>
            Demands
            </summary>
        </member>
        <member name="P:Microsoft.TeamFoundation.Build.WebApi.Build.OrchestrationPlan">
            <summary>
            Orchestration plan for the build
            </summary>
        </member>
        <member name="P:Microsoft.TeamFoundation.Build.WebApi.Build.Logs">
            <summary>
            Log location of the build
            </summary>
        </member>
        <member name="P:Microsoft.TeamFoundation.Build.WebApi.Build.Repository">
            <summary>
            The repository
            </summary>
        </member>
        <member name="P:Microsoft.TeamFoundation.Build.WebApi.Build.QueueOptions">
            <summary>
            Queue option of the build.  
            </summary>
        </member>
        <member name="P:Microsoft.TeamFoundation.Build.WebApi.Build.Properties">
            <summary>
            Gets or sets a collection of properties which may be used to extend the storage fields available
            for a given build.
            </summary>
        </member>
        <member name="P:Microsoft.TeamFoundation.Build.WebApi.Build.Tags">
            <summary>
            Gets a collection of tags associated with the build.
            </summary>
        </member>
        <member name="P:Microsoft.TeamFoundation.Build.WebApi.Build.Links">
            <summary>
            The links to other objects related to this object.
            </summary>
        </member>
        <member name="P:Microsoft.TeamFoundation.Build.WebApi.Build.Quality">
            <summary>
            Quality of the xaml build (good, bad, etc.)
            </summary>
        </member>
        <member name="P:Microsoft.TeamFoundation.Build.WebApi.BuildArtifact.Id">
            <summary>
            The artifact id
            </summary>
        </member>
        <member name="P:Microsoft.TeamFoundation.Build.WebApi.BuildArtifact.Name">
            <summary>
            The name of the artifact
            </summary>
        </member>
        <member name="P:Microsoft.TeamFoundation.Build.WebApi.BuildArtifact.Resource">
            <summary>
            The actual resource
            </summary>
        </member>
        <member name="T:Microsoft.TeamFoundation.Build.WebApi.ShallowReference">
            <summary>
            An abstracted reference to some other resource. This class is used to provide the build
            data contracts with a uniform way to reference other resources in a way that provides easy
            traversal through links.
            </summary>
        </member>
        <member name="P:Microsoft.TeamFoundation.Build.WebApi.ShallowReference.Id">
            <summary>
            Id of the resource
            </summary>
        </member>
        <member name="P:Microsoft.TeamFoundation.Build.WebApi.ShallowReference.Name">
            <summary>
            Name of the linked resource (definition name, controller name, etc.)
            </summary>
        </member>
        <member name="P:Microsoft.TeamFoundation.Build.WebApi.ShallowReference.Url">
            <summary>
            Full http link to the resource
            </summary>
        </member>
        <member name="P:Microsoft.TeamFoundation.Build.WebApi.BuildController.Uri">
            <summary>
            The controller's URI.
            </summary>
        </member>
        <member name="P:Microsoft.TeamFoundation.Build.WebApi.BuildController.Description">
            <summary>
            The description of the controller.
            </summary>
        </member>
        <member name="P:Microsoft.TeamFoundation.Build.WebApi.BuildController.Status">
            <summary>
            The status of the controller.
            </summary>
        </member>
        <member name="P:Microsoft.TeamFoundation.Build.WebApi.BuildController.Enabled">
            <summary>
            Indicates whether the controller is enabled.
            </summary>
        </member>
        <member name="P:Microsoft.TeamFoundation.Build.WebApi.BuildController.CreatedDate">
            <summary>
            The date the controller was created.
            </summary>
        </member>
        <member name="P:Microsoft.TeamFoundation.Build.WebApi.BuildController.UpdatedDate">
            <summary>
            The date the controller was last updated.
            </summary>
        </member>
        <member name="P:Microsoft.TeamFoundation.Build.WebApi.BuildController.Links">
            <summary>
            The links to other objects related to this object.
            </summary>
        </member>
        <member name="P:Microsoft.TeamFoundation.Build.WebApi.AgentPoolQueue.Pool">
            <summary>
            The pool used by this queue.
            </summary>
        </member>
        <member name="P:Microsoft.TeamFoundation.Build.WebApi.AgentPoolQueue.Links">
            <summary>
            The links to other objects related to this object.
            </summary>
        </member>
        <member name="T:Microsoft.TeamFoundation.Build.WebApi.BuildLog">
            <summary>
            Represents a build log.
            </summary>
        </member>
        <member name="T:Microsoft.TeamFoundation.Build.WebApi.BuildLogReference">
            <summary>
            Data representation of a build log reference
            </summary>
        </member>
        <member name="P:Microsoft.TeamFoundation.Build.WebApi.BuildLogReference.Id">
            <summary>
            The id of the log.
            </summary>
        </member>
        <member name="P:Microsoft.TeamFoundation.Build.WebApi.BuildLogReference.Type">
            <summary>
            The type of the log location.
            </summary>
        </member>
        <member name="P:Microsoft.TeamFoundation.Build.WebApi.BuildLogReference.Url">
            <summary>
            Full link to the log resource.
            </summary>
        </member>
        <member name="P:Microsoft.TeamFoundation.Build.WebApi.BuildLog.LineCount">
            <summary>
            The number of lines in the log.
            </summary>
        </member>
        <member name="P:Microsoft.TeamFoundation.Build.WebApi.BuildLog.CreatedOn">
            <summary>
            The date the log was created.
            </summary>
        </member>
        <member name="P:Microsoft.TeamFoundation.Build.WebApi.BuildLog.LastChangedOn">
            <summary>
            The date the log was last changed.
            </summary>
        </member>
        <member name="T:Microsoft.TeamFoundation.Build.WebApi.Deployment">
            <summary>
            Represents the data from the build information nodes for type "DeploymentInformation" for xaml builds
            </summary>
        </member>
        <member name="T:Microsoft.TeamFoundation.Build.WebApi.DeploymentBuild">
            <summary>
            Deployment iformation for type "Build"
            </summary>
        </member>
        <member name="T:Microsoft.TeamFoundation.Build.WebApi.DeploymentDeploy">
            <summary>
            Deployment iformation for type "Deploy"
            </summary>
        </member>
        <member name="T:Microsoft.TeamFoundation.Build.WebApi.DeploymentTest">
            <summary>
            Deployment iformation for type "Test"
            </summary>
        </member>
        <member name="T:Microsoft.TeamFoundation.Build.WebApi.Change">
            <summary>
            Represents a change associated with a build.
            </summary>
        </member>
        <member name="P:Microsoft.TeamFoundation.Build.WebApi.Change.Id">
            <summary>
            Something that identifies the change. For a commit, this would be the SHA1. For a TFVC changeset, this would be the changeset id.
            </summary>
        </member>
        <member name="P:Microsoft.TeamFoundation.Build.WebApi.Change.Message">
            <summary>
            A description of the change. This might be a commit message or changeset description.
            </summary>
        </member>
        <member name="P:Microsoft.TeamFoundation.Build.WebApi.Change.Type">
            <summary>
            The type of change. "commit", "changeset", etc.
            </summary>
        </member>
        <member name="P:Microsoft.TeamFoundation.Build.WebApi.Change.Author">
            <summary>
            The author of the change.
            </summary>
        </member>
        <member name="P:Microsoft.TeamFoundation.Build.WebApi.Change.Timestamp">
            <summary>
            A timestamp for the change.
            </summary>
        </member>
        <member name="P:Microsoft.TeamFoundation.Build.WebApi.Change.Location">
            <summary>
            The location of the full representation of the resource.
            </summary>
        </member>
        <member name="P:Microsoft.TeamFoundation.Build.WebApi.Change.MessageTruncated">
            <summary>
            Indicates whether the message was truncated
            </summary>
        </member>
        <member name="P:Microsoft.TeamFoundation.Build.WebApi.Change.DisplayUri">
            <summary>
            The location of a user-friendly representation of the resource.
            </summary>
        </member>
        <member name="T:Microsoft.TeamFoundation.Build.WebApi.DefinitionReference">
            <summary>
            A reference to a definition.
            </summary>
        </member>
        <member name="P:Microsoft.TeamFoundation.Build.WebApi.DefinitionReference.Uri">
            <summary>
            The Uri of the definition
            </summary>
        </member>
        <member name="P:Microsoft.TeamFoundation.Build.WebApi.DefinitionReference.Type">
            <summary>
            The type of the definition.
            </summary>
        </member>
        <member name="P:Microsoft.TeamFoundation.Build.WebApi.DefinitionReference.QueueStatus">
            <summary>
            If builds can be queued from this definition
            </summary>
        </member>
        <member name="P:Microsoft.TeamFoundation.Build.WebApi.DefinitionReference.Revision">
            <summary>
            The definition revision number.
            </summary>
        </member>
        <member name="P:Microsoft.TeamFoundation.Build.WebApi.DefinitionReference.Project">
            <summary>
            The project.
            </summary>
        </member>
        <member name="P:Microsoft.TeamFoundation.Build.WebApi.BuildDefinitionReference.DefinitionQuality">
            <summary>
            The quality of the definition document (draft, etc.)
            </summary>
        </member>
        <member name="P:Microsoft.TeamFoundation.Build.WebApi.BuildDefinitionReference.AuthoredBy">
            <summary>
            The author of the definition.
            </summary>
        </member>
        <member name="P:Microsoft.TeamFoundation.Build.WebApi.BuildDefinitionReference.ParentDefinition">
            <summary>
            If this is a draft definition, it might have a parent
            </summary>
        </member>
        <member name="P:Microsoft.TeamFoundation.Build.WebApi.BuildDefinitionReference.Queue">
            <summary>
            The default queue which should be used for requests.
            </summary>
        </member>
        <member name="P:Microsoft.TeamFoundation.Build.WebApi.BuildDefinition.BuildNumberFormat">
            <summary>
            The build number format
            </summary>
        </member>
        <member name="P:Microsoft.TeamFoundation.Build.WebApi.BuildDefinition.CreatedDate">
            <summary>
            The date the definition was created
            </summary>
        </member>
        <member name="P:Microsoft.TeamFoundation.Build.WebApi.BuildDefinition.Comment">
            <summary>
            The comment entered when saving the definition
            </summary>
        </member>
        <member name="P:Microsoft.TeamFoundation.Build.WebApi.BuildDefinition.Description">
            <summary>
            The description
            </summary>
        </member>
        <member name="P:Microsoft.TeamFoundation.Build.WebApi.BuildDefinition.DropLocation">
            <summary>
            The drop location for the definition
            </summary>
        </member>
        <member name="P:Microsoft.TeamFoundation.Build.WebApi.BuildDefinition.JobAuthorizationScope">
            <summary>
            Gets or sets the job authorization scope for builds which are queued against this definition
            </summary>
        </member>
        <member name="P:Microsoft.TeamFoundation.Build.WebApi.BuildDefinition.JobTimeoutInMinutes">
            <summary>
            Gets or sets the job execution timeout in minutes for builds which are queued against this definition
            </summary>
        </member>
        <member name="P:Microsoft.TeamFoundation.Build.WebApi.BuildDefinition.BadgeEnabled">
            <summary>
            Indicates whether badges are enabled for this definition
            </summary>
        </member>
        <member name="P:Microsoft.TeamFoundation.Build.WebApi.BuildDefinition.Steps">
            <summary>
            The list of steps for this definition.
            </summary>
        </member>
        <member name="P:Microsoft.TeamFoundation.Build.WebApi.BuildDefinition.Options">
            <summary>
            Build options
            </summary>
        </member>
        <member name="P:Microsoft.TeamFoundation.Build.WebApi.BuildDefinition.Repository">
            <summary>
            The repository
            </summary>
        </member>
        <member name="P:Microsoft.TeamFoundation.Build.WebApi.BuildDefinition.Triggers">
            <summary>
             The triggers
            </summary>
        </member>
        <member name="P:Microsoft.TeamFoundation.Build.WebApi.BuildDefinition.Variables">
            <summary>
            The variables.
            </summary>
        </member>
        <member name="P:Microsoft.TeamFoundation.Build.WebApi.BuildDefinition.Demands">
            <summary>
            The demands.
            </summary>
        </member>
        <member name="P:Microsoft.TeamFoundation.Build.WebApi.BuildDefinition.RetentionRules">
            <summary>
            The retention rules.
            </summary>
        </member>
        <member name="P:Microsoft.TeamFoundation.Build.WebApi.BuildDefinition.Properties">
            <summary>
            Gets or sets a collection of properties which may be used to extend the storage fields available
            for a given definition.
            </summary>
        </member>
        <member name="P:Microsoft.TeamFoundation.Build.WebApi.BuildDefinition.Links">
            <summary>
            The links to other objects related to this object.
            </summary>
        </member>
        <member name="P:Microsoft.TeamFoundation.Build.WebApi.BuildRepository.Type">
            <summary>
             Gets or sets the type of the repository.
            </summary>
        </member>
        <member name="P:Microsoft.TeamFoundation.Build.WebApi.BuildRepository.Name">
            <summary>
            Gets or sets the friendly name of the repository.
            </summary>
        </member>
        <member name="P:Microsoft.TeamFoundation.Build.WebApi.BuildRepository.Url">
            <summary>
            Gets or sets the url of the repository.
            </summary>
        </member>
        <member name="P:Microsoft.TeamFoundation.Build.WebApi.BuildRepository.DefaultBranch">
            <summary>
            Gets or sets the name of the default branch.
            </summary>
        </member>
        <member name="P:Microsoft.TeamFoundation.Build.WebApi.BuildRepository.RootFolder">
            <summary>
            Gets or sets the root folder.
            </summary>
        </member>
        <member name="P:Microsoft.TeamFoundation.Build.WebApi.BuildRepository.Clean">
            <summary>
            Indicates whether to clean the target folder when getting code from the repository.
            This is a String so that it can reference variables.
            </summary>
        </member>
        <member name="P:Microsoft.TeamFoundation.Build.WebApi.BuildDefinitionSourceProvider.Name">
            <summary>
            Name of the source provider
            </summary>
        </member>
        <member name="P:Microsoft.TeamFoundation.Build.WebApi.BuildDefinitionSourceProvider.SupportedTriggerTypes">
            <summary>
            Which trigger types are supported by this definition source provider
            </summary>
        </member>
        <member name="P:Microsoft.TeamFoundation.Build.WebApi.BuildDefinitionSourceProvider.Fields">
            <summary>
            fields associated with this build definition
            </summary>
        </member>
        <member name="P:Microsoft.TeamFoundation.Build.WebApi.BuildDefinitionSourceProvider.Id">
            <summary>
            Id of this source provider
            </summary>
        </member>
        <member name="P:Microsoft.TeamFoundation.Build.WebApi.BuildDefinitionSourceProvider.DefinitionUri">
            <summary>
            Uri of the associated definition
            </summary>
        </member>
        <member name="P:Microsoft.TeamFoundation.Build.WebApi.BuildDefinitionSourceProvider.LastModified">
            <summary>
            The lst time this source provider was modified
            </summary>
        </member>
        <member name="P:Microsoft.TeamFoundation.Build.WebApi.ContinuousDeploymentDefinition.Definition">
            <summary>
            The definition associated with the continuous deployment
            </summary>
        </member>
        <member name="P:Microsoft.TeamFoundation.Build.WebApi.ContinuousDeploymentDefinition.ConnectedService">
            <summary>
            The connected service associated with the continuous deployment
            </summary>
        </member>
        <member name="T:Microsoft.TeamFoundation.Build.WebApi.InformationNode">
            <summary>
            Data representation of an information node associated with a build
            </summary>
        </member>
        <member name="P:Microsoft.TeamFoundation.Build.WebApi.InformationNode.NodeId">
            <summary>
            Node Id of this information node
            </summary>
        </member>
        <member name="P:Microsoft.TeamFoundation.Build.WebApi.InformationNode.ParentId">
            <summary>
            Id of parent node (xml tree)
            </summary>
        </member>
        <member name="P:Microsoft.TeamFoundation.Build.WebApi.InformationNode.Type">
            <summary>
            The type of the information node
            </summary>
        </member>
        <member name="P:Microsoft.TeamFoundation.Build.WebApi.InformationNode.LastModifiedDate">
            <summary>
            Date this node was last modified
            </summary>
        </member>
        <member name="P:Microsoft.TeamFoundation.Build.WebApi.InformationNode.LastModifiedBy">
            <summary>
            Process or person that last modified this node
            </summary>
        </member>
        <member name="P:Microsoft.TeamFoundation.Build.WebApi.InformationNode.Fields">
            <summary>
            Fields of the information node
            </summary>
        </member>
        <member name="P:Microsoft.TeamFoundation.Build.WebApi.PropertyValue.PropertyName">
            <summary>
            Name in the name value mapping
            </summary>
        </member>
        <member name="P:Microsoft.TeamFoundation.Build.WebApi.PropertyValue.Value">
            <summary>
            Value in the name value mapping
            </summary>
        </member>
        <member name="P:Microsoft.TeamFoundation.Build.WebApi.PropertyValue.ChangedBy">
            <summary>
            Guid of identity that changed this property value
            </summary>
        </member>
        <member name="P:Microsoft.TeamFoundation.Build.WebApi.PropertyValue.ChangedDate">
            <summary>
            The date this property value was changed
            </summary>
        </member>
        <member name="P:Microsoft.TeamFoundation.Build.WebApi.RequestReference.Id">
            <summary>
            Id of the resource
            </summary>
        </member>
        <member name="P:Microsoft.TeamFoundation.Build.WebApi.RequestReference.Url">
            <summary>
            Full http link to the resource
            </summary>
        </member>
        <member name="P:Microsoft.TeamFoundation.Build.WebApi.RequestReference.RequestedFor">
            <summary>
            Name of the requestor
            </summary>
        </member>
        <member name="P:Microsoft.TeamFoundation.Build.WebApi.Schedule.TimeZoneId">
            <summary>
            Time zone of the build schedule (string representation of the time zone id)
            </summary>
        </member>
        <member name="P:Microsoft.TeamFoundation.Build.WebApi.Schedule.StartHours">
            <summary>
            Local timezone hour to start
            </summary>
        </member>
        <member name="P:Microsoft.TeamFoundation.Build.WebApi.Schedule.StartMinutes">
            <summary>
            Local timezone minute to start
            </summary>
        </member>
        <member name="P:Microsoft.TeamFoundation.Build.WebApi.Schedule.DaysToBuild">
            <summary>
            Days for a build (flags enum for days of the week)
            </summary>
        </member>
        <member name="P:Microsoft.TeamFoundation.Build.WebApi.Schedule.ScheduleJobId">
            <summary>
            The Job Id of the Scheduled job that will queue the scheduled build.
            Since a single trigger can have multiple schedules and we want a single job
            to process a single schedule (since each schedule has a list of branches
            to build), the schedule itself needs to define the Job Id.
            This value will be filled in when a definition is added or updated.  The UI
            does not provide it or use it.
            </summary>
        </member>
        <member name="P:Microsoft.TeamFoundation.Build.WebApi.Schedule.BranchFilters">
            <summary>
            Branches that the schedule affects
            </summary>
        </member>
        <member name="P:Microsoft.TeamFoundation.Build.WebApi.TimelineRecord.Links">
            <summary>
            The links to other objects related to this object.
            </summary>
        </member>
        <member name="P:Microsoft.TeamFoundation.Build.WebApi.WorkspaceTemplate.DefinitionUri">
            <summary>
            Uri of the associated definition
            </summary>
        </member>
        <member name="P:Microsoft.TeamFoundation.Build.WebApi.WorkspaceTemplate.Mappings">
            <summary>
            List of workspace mappings
            </summary>
        </member>
        <member name="P:Microsoft.TeamFoundation.Build.WebApi.WorkspaceTemplate.LastModifiedDate">
            <summary>
            The last time this template was modified
            </summary>
        </member>
        <member name="P:Microsoft.TeamFoundation.Build.WebApi.WorkspaceTemplate.LastModifiedBy">
            <summary>
            The identity that last modified this template
            </summary>
        </member>
        <member name="P:Microsoft.TeamFoundation.Build.WebApi.WorkspaceTemplate.WorkspaceId">
            <summary>
            Id of the workspace for this template
            </summary>
        </member>
        <member name="T:Microsoft.TeamFoundation.Build.WebApi.WorkspaceMapping">
            <summary>
            Mapping for a workspace
            </summary>
        </member>
        <member name="P:Microsoft.TeamFoundation.Build.WebApi.WorkspaceMapping.ServerItem">
            <summary>
            Server location of the definition
            </summary>
        </member>
        <member name="P:Microsoft.TeamFoundation.Build.WebApi.WorkspaceMapping.LocalItem">
            <summary>
            local location of the definition
            </summary>
        </member>
        <member name="P:Microsoft.TeamFoundation.Build.WebApi.WorkspaceMapping.MappingType">
            <summary>
            type of workspace mapping
            </summary>
        </member>
        <member name="P:Microsoft.TeamFoundation.Build.WebApi.WorkspaceMapping.Depth">
            <summary>
            Depth of this mapping
            </summary>
        </member>
        <member name="P:Microsoft.TeamFoundation.Build.WebApi.WorkspaceMapping.DefinitionUri">
            <summary>
            Uri of the associated definition
            </summary>
        </member>
        <member name="P:Microsoft.TeamFoundation.Build.WebApi.WorkspaceMapping.WorkspaceId">
            <summary>
            Id of the workspace
            </summary>
        </member>
        <member name="P:Microsoft.TeamFoundation.Build.WebApi.XamlBuildDefinition.Controller">
            <summary>
            The build controller
            </summary>
        </member>
        <member name="P:Microsoft.TeamFoundation.Build.WebApi.XamlBuildDefinition.BatchSize">
            <summary>
            Batch size of the definition
            </summary>
        </member>
        <member name="P:Microsoft.TeamFoundation.Build.WebApi.XamlBuildDefinition.TriggerType">
            <summary>
            How builds are triggered from this definition
            </summary>
        </member>
        <member name="P:Microsoft.TeamFoundation.Build.WebApi.XamlBuildDefinition.ContinuousIntegrationQuietPeriod">
            <summary>
            The continuous integration quiet period
            </summary>
        </member>
        <member name="P:Microsoft.TeamFoundation.Build.WebApi.XamlBuildDefinition.DefaultDropLocation">
            <summary>
            Default drop location for builds from this definition
            </summary>
        </member>
        <member name="P:Microsoft.TeamFoundation.Build.WebApi.XamlBuildDefinition.Description">
            <summary>
            Description of the definition
            </summary>
        </member>
        <member name="P:Microsoft.TeamFoundation.Build.WebApi.XamlBuildDefinition.CreatedOn">
            <summary>
            The date this definition was created
            </summary>
        </member>
        <member name="P:Microsoft.TeamFoundation.Build.WebApi.XamlBuildDefinition.SupportedReasons">
            <summary>
            The reasons supported by the template
            </summary>
        </member>
        <member name="P:Microsoft.TeamFoundation.Build.WebApi.XamlBuildDefinition.LastBuild">
            <summary>
            The last build on this definition
            </summary>
        </member>
        <member name="P:Microsoft.TeamFoundation.Build.WebApi.XamlBuildDefinition.Links">
            <summary>
            The links to other objects related to this object.
            </summary>
        </member>
        <member name="F:Microsoft.TeamFoundation.Build.WebApi.AgentStatus.Unavailable">
            <summary>
            Indicates that the build agent cannot be contacted.
            </summary>
        </member>
        <member name="F:Microsoft.TeamFoundation.Build.WebApi.AgentStatus.Available">
            <summary>
            Indicates that the build agent is currently available.
            </summary>
        </member>
        <member name="F:Microsoft.TeamFoundation.Build.WebApi.AgentStatus.Offline">
            <summary>
            Indicates that the build agent has taken itself offline.
            </summary>
        </member>
        <member name="T:Microsoft.TeamFoundation.Build.WebApi.BuildAuthorizationScope">
            <summary>
            Represents the desired scope of authorization for a build.
            </summary>
        </member>
        <member name="F:Microsoft.TeamFoundation.Build.WebApi.BuildAuthorizationScope.ProjectCollection">
            <summary>
            The identity used should have build service account permissions scoped to the project collection. This is 
            useful when resources for a single build are spread across multiple projects.
            </summary>
        </member>
        <member name="F:Microsoft.TeamFoundation.Build.WebApi.BuildAuthorizationScope.Project">
            <summary>
            The identity used should have build service account permissions scoped to the project in which the build
            definition resides. This is useful for isolation of build jobs to a particular team project to avoid any
            unintentional escalation of privilege attacks during a build.
            </summary>
        </member>
        <member name="F:Microsoft.TeamFoundation.Build.WebApi.BuildPhaseStatus.Unknown">
            <summary>
            The state is not known.
            </summary>
        </member>
        <member name="F:Microsoft.TeamFoundation.Build.WebApi.BuildPhaseStatus.Failed">
            <summary>
            The build phase completed unsuccessfully.
            </summary>
        </member>
        <member name="F:Microsoft.TeamFoundation.Build.WebApi.BuildPhaseStatus.Succeeded">
            <summary>
            The build phase completed successfully.
            </summary>
        </member>
        <member name="F:Microsoft.TeamFoundation.Build.WebApi.BuildReason.None">
            <summary>
            No reason. This value should not be used.
            </summary>
        </member>
        <member name="F:Microsoft.TeamFoundation.Build.WebApi.BuildReason.Manual">
            <summary>
            The build was started manually.
            </summary>
        </member>
        <member name="F:Microsoft.TeamFoundation.Build.WebApi.BuildReason.IndividualCI">
            <summary>
            The build was started for the trigger TriggerType.ContinuousIntegration.
            </summary>
        </member>
        <member name="F:Microsoft.TeamFoundation.Build.WebApi.BuildReason.BatchedCI">
            <summary>
            The build was started for the trigger TriggerType.BatchedContinuousIntegration.
            </summary>
        </member>
        <member name="F:Microsoft.TeamFoundation.Build.WebApi.BuildReason.Schedule">
            <summary>
            The build was started for the trigger TriggerType.Schedule.
            </summary>
        </member>
        <member name="F:Microsoft.TeamFoundation.Build.WebApi.BuildReason.UserCreated">
            <summary>
            The build was created by a user.
            </summary>
        </member>
        <member name="F:Microsoft.TeamFoundation.Build.WebApi.BuildReason.ValidateShelveset">
            <summary>
            The build was started manually for private validation.
            </summary>
        </member>
        <member name="F:Microsoft.TeamFoundation.Build.WebApi.BuildReason.CheckInShelveset">
            <summary>
            The build was started for the trigger ContinuousIntegrationType.Gated.
            </summary>
        </member>
        <member name="F:Microsoft.TeamFoundation.Build.WebApi.BuildReason.Triggered">
            <summary>
            The build was triggered for retention policy purposes.
            </summary>
        </member>
        <member name="F:Microsoft.TeamFoundation.Build.WebApi.BuildReason.All">
            <summary>
            All reasons.
            </summary>
        </member>
        <member name="F:Microsoft.TeamFoundation.Build.WebApi.BuildResult.None">
            <summary>
            No result
            </summary>
        </member>
        <member name="F:Microsoft.TeamFoundation.Build.WebApi.BuildResult.Succeeded">
            <summary>
            The build completed successfully.
            </summary>
        </member>
        <member name="F:Microsoft.TeamFoundation.Build.WebApi.BuildResult.PartiallySucceeded">
            <summary>
            The build completed compilation successfully but had other errors.
            </summary>
        </member>
        <member name="F:Microsoft.TeamFoundation.Build.WebApi.BuildResult.Failed">
            <summary>
            The build completed unsuccessfully.
            </summary>
        </member>
        <member name="F:Microsoft.TeamFoundation.Build.WebApi.BuildResult.Canceled">
            <summary>
            The build was canceled before starting.
            </summary>
        </member>
        <member name="F:Microsoft.TeamFoundation.Build.WebApi.BuildStatus.None">
            <summary>
            No status.
            </summary>
        </member>
        <member name="F:Microsoft.TeamFoundation.Build.WebApi.BuildStatus.InProgress">
            <summary>
            The build is currently in progress.
            </summary>
        </member>
        <member name="F:Microsoft.TeamFoundation.Build.WebApi.BuildStatus.Completed">
            <summary>
            The build has completed.
            </summary>
        </member>
        <member name="F:Microsoft.TeamFoundation.Build.WebApi.BuildStatus.Cancelling">
            <summary>
            The build is cancelling
            </summary>
        </member>
        <member name="F:Microsoft.TeamFoundation.Build.WebApi.BuildStatus.Postponed">
            <summary>
            The build is inactive in the queue.
            </summary>
        </member>
        <member name="F:Microsoft.TeamFoundation.Build.WebApi.BuildStatus.NotStarted">
            <summary>
            The build has not yet started.
            </summary>
        </member>
        <member name="F:Microsoft.TeamFoundation.Build.WebApi.BuildStatus.All">
            <summary>
            All status.
            </summary>
        </member>
        <member name="F:Microsoft.TeamFoundation.Build.WebApi.ControllerStatus.Unavailable">
            <summary>
            Indicates that the build controller cannot be contacted.
            </summary>
        </member>
        <member name="F:Microsoft.TeamFoundation.Build.WebApi.ControllerStatus.Available">
            <summary>
            Indicates that the build controller is currently available.
            </summary>
        </member>
        <member name="F:Microsoft.TeamFoundation.Build.WebApi.ControllerStatus.Offline">
            <summary>
            Indicates that the build controller has taken itself offline.
            </summary>
        </member>
        <member name="F:Microsoft.TeamFoundation.Build.WebApi.GetOption.LatestOnQueue">
            <summary>
            Use the latest changeset at the time the build is queued.
            </summary>
        </member>
        <member name="F:Microsoft.TeamFoundation.Build.WebApi.GetOption.LatestOnBuild">
            <summary>
            Use the latest changeset at the time the build is started.
            </summary>
        </member>
        <member name="F:Microsoft.TeamFoundation.Build.WebApi.GetOption.Custom">
            <summary>
            A user-specified version has been supplied.
            </summary>
        </member>
        <member name="F:Microsoft.TeamFoundation.Build.WebApi.QueuePriority.Low">
            <summary>
            Low priority.
            </summary>
        </member>
        <member name="F:Microsoft.TeamFoundation.Build.WebApi.QueuePriority.BelowNormal">
            <summary>
            Below normal priority.
            </summary>
        </member>
        <member name="F:Microsoft.TeamFoundation.Build.WebApi.QueuePriority.Normal">
            <summary>
            Normal priority.
            </summary>
        </member>
        <member name="F:Microsoft.TeamFoundation.Build.WebApi.QueuePriority.AboveNormal">
            <summary>
            Above normal priority.
            </summary>
        </member>
        <member name="F:Microsoft.TeamFoundation.Build.WebApi.QueuePriority.High">
            <summary>
            High priority.
            </summary>
        </member>
        <member name="F:Microsoft.TeamFoundation.Build.WebApi.QueueOptions.None">
            <summary>
            No queue options 
            </summary>
        </member>
        <member name="F:Microsoft.TeamFoundation.Build.WebApi.QueueOptions.DoNotRun">
            <summary>
            Create a plan Id for the build, do not run it
            </summary>
        </member>
        <member name="F:Microsoft.TeamFoundation.Build.WebApi.ServiceHostStatus.Online">
            <summary>
            The service host is currently connected and accepting commands.
            </summary>
        </member>
        <member name="F:Microsoft.TeamFoundation.Build.WebApi.ServiceHostStatus.Offline">
            <summary>
            The service host is currently disconnected and not accepting commands.
            </summary>
        </member>
        <member name="F:Microsoft.TeamFoundation.Build.WebApi.DefinitionTriggerType.None">
            <summary>
            Manual builds only.
            </summary>
        </member>
        <member name="F:Microsoft.TeamFoundation.Build.WebApi.DefinitionTriggerType.ContinuousIntegration">
            <summary>
            A build should be started for each changeset.
            </summary>
        </member>
        <member name="F:Microsoft.TeamFoundation.Build.WebApi.DefinitionTriggerType.BatchedContinuousIntegration">
            <summary>
            A build should be started for multiple changesets at a time at a specified interval.
            </summary>
        </member>
        <member name="F:Microsoft.TeamFoundation.Build.WebApi.DefinitionTriggerType.Schedule">
            <summary>
            A build should be started on a specified schedule whether or not changesets exist.
            </summary>
        </member>
        <member name="F:Microsoft.TeamFoundation.Build.WebApi.DefinitionTriggerType.GatedCheckIn">
            <summary>
            A validation build should be started for each check-in.
            </summary>
        </member>
        <member name="F:Microsoft.TeamFoundation.Build.WebApi.DefinitionTriggerType.BatchedGatedCheckIn">
            <summary>
            A validation build should be started for each batch of check-ins.
            </summary>
        </member>
        <member name="F:Microsoft.TeamFoundation.Build.WebApi.DefinitionTriggerType.All">
            <summary>
            All types.
            </summary>
        </member>
        <member name="F:Microsoft.TeamFoundation.Build.WebApi.DefinitionQueueStatus.Enabled">
            <summary>
            When enabled the definition queue allows builds to be queued by users,
            the system will queue scheduled, gated and continuous integration builds,
            and the queued builds will be started by the system.
            </summary>
        </member>
        <member name="F:Microsoft.TeamFoundation.Build.WebApi.DefinitionQueueStatus.Paused">
            <summary>
            When paused the definition queue allows builds to be queued by users
            and the system will queue scheduled, gated and continuous integration builds.
            Builds in the queue will not be started by the system.
            </summary>
        </member>
        <member name="F:Microsoft.TeamFoundation.Build.WebApi.DefinitionQueueStatus.Disabled">
            <summary>
            When disabled the definition queue will not allow builds to be queued by users
            and the system will not queue scheduled, gated or continuous integration builds.
            Builds already in the queue will not be started by the system.
            </summary>
        </member>
        <member name="F:Microsoft.TeamFoundation.Build.WebApi.DeleteOptions.None">
            <summary>
            No data should be deleted. This value should not be used.
            </summary>
        </member>
        <member name="F:Microsoft.TeamFoundation.Build.WebApi.DeleteOptions.DropLocation">
            <summary>
            The drop location should be deleted.
            </summary>
        </member>
        <member name="F:Microsoft.TeamFoundation.Build.WebApi.DeleteOptions.TestResults">
            <summary>
            The test results should be deleted.
            </summary>
        </member>
        <member name="F:Microsoft.TeamFoundation.Build.WebApi.DeleteOptions.Label">
            <summary>
            The version control label should be deleted.
            </summary>
        </member>
        <member name="F:Microsoft.TeamFoundation.Build.WebApi.DeleteOptions.Details">
            <summary>
            The build should be deleted.
            </summary>
        </member>
        <member name="F:Microsoft.TeamFoundation.Build.WebApi.DeleteOptions.Symbols">
            <summary>
            Published symbols should be deleted.
            </summary>
        </member>
        <member name="F:Microsoft.TeamFoundation.Build.WebApi.DeleteOptions.All">
            <summary>
            All data should be deleted.
            </summary>
        </member>
        <member name="F:Microsoft.TeamFoundation.Build.WebApi.ScheduleDays.None">
            <summary>
            Do not run.
            </summary>
        </member>
        <member name="F:Microsoft.TeamFoundation.Build.WebApi.ScheduleDays.Monday">
            <summary>
            Run on Monday.
            </summary>
        </member>
        <member name="F:Microsoft.TeamFoundation.Build.WebApi.ScheduleDays.Tuesday">
            <summary>
            Run on Tuesday.
            </summary>
        </member>
        <member name="F:Microsoft.TeamFoundation.Build.WebApi.ScheduleDays.Wednesday">
            <summary>
            Run on Wednesday.
            </summary>
        </member>
        <member name="F:Microsoft.TeamFoundation.Build.WebApi.ScheduleDays.Thursday">
            <summary>
            Run on Thursday.
            </summary>
        </member>
        <member name="F:Microsoft.TeamFoundation.Build.WebApi.ScheduleDays.Friday">
            <summary>
            Run on Friday.
            </summary>
        </member>
        <member name="F:Microsoft.TeamFoundation.Build.WebApi.ScheduleDays.Saturday">
            <summary>
            Run on Saturday.
            </summary>
        </member>
        <member name="F:Microsoft.TeamFoundation.Build.WebApi.ScheduleDays.Sunday">
            <summary>
            Run on Sunday.
            </summary>
        </member>
        <member name="F:Microsoft.TeamFoundation.Build.WebApi.ScheduleDays.All">
            <summary>
            Run on all days of the week.
            </summary>
        </member>
        <member name="F:Microsoft.TeamFoundation.Build.WebApi.WorkspaceMappingType.Map">
            <summary>
            The path is mapped in the workspace.
            </summary>
        </member>
        <member name="F:Microsoft.TeamFoundation.Build.WebApi.WorkspaceMappingType.Cloak">
            <summary>
            The path is cloaked in the workspace.
            </summary>
        </member>
        <member name="F:Microsoft.TeamFoundation.Build.WebApi.ProcessTemplateType.Custom">
            <summary>
            Indicates a custom template.
            </summary>
        </member>
        <member name="F:Microsoft.TeamFoundation.Build.WebApi.ProcessTemplateType.Default">
            <summary>
            Indicates a default template.
            </summary>
        </member>
        <member name="F:Microsoft.TeamFoundation.Build.WebApi.ProcessTemplateType.Upgrade">
            <summary>
            Indicates an upgrade template.
            </summary>
        </member>
        <member name="M:Microsoft.TeamFoundation.Build.WebApi.BuildHttpClientBase.CreateArtifactAsync(Microsoft.TeamFoundation.Build.WebApi.BuildArtifact,System.Int32,System.Object,System.Threading.CancellationToken)">
            <summary>
            Associates an artifact with a build
            </summary>
            <param name="artifact"></param>
            <param name="buildId"></param>
        </member>
        <member name="M:Microsoft.TeamFoundation.Build.WebApi.BuildHttpClientBase.CreateArtifactAsync(Microsoft.TeamFoundation.Build.WebApi.BuildArtifact,System.String,System.Int32,System.Object,System.Threading.CancellationToken)">
            <summary>
            Associates an artifact with a build
            </summary>
            <param name="artifact"></param>
            <param name="project">Project ID or project name</param>
            <param name="buildId"></param>
        </member>
        <member name="M:Microsoft.TeamFoundation.Build.WebApi.BuildHttpClientBase.CreateArtifactAsync(Microsoft.TeamFoundation.Build.WebApi.BuildArtifact,System.Guid,System.Int32,System.Object,System.Threading.CancellationToken)">
            <summary>
            Associates an artifact with a build
            </summary>
            <param name="artifact"></param>
            <param name="project">Project ID</param>
            <param name="buildId"></param>
        </member>
        <member name="M:Microsoft.TeamFoundation.Build.WebApi.BuildHttpClientBase.GetArtifactAsync(System.Int32,System.String,System.Object,System.Threading.CancellationToken)">
            <summary>
            Gets a specific artifact for a build
            </summary>
            <param name="buildId"></param>
            <param name="artifactName"></param>
        </member>
        <member name="M:Microsoft.TeamFoundation.Build.WebApi.BuildHttpClientBase.GetArtifactAsync(System.String,System.Int32,System.String,System.Object,System.Threading.CancellationToken)">
            <summary>
            Gets a specific artifact for a build
            </summary>
            <param name="project">Project ID or project name</param>
            <param name="buildId"></param>
            <param name="artifactName"></param>
        </member>
        <member name="M:Microsoft.TeamFoundation.Build.WebApi.BuildHttpClientBase.GetArtifactAsync(System.Guid,System.Int32,System.String,System.Object,System.Threading.CancellationToken)">
            <summary>
            Gets a specific artifact for a build
            </summary>
            <param name="project">Project ID</param>
            <param name="buildId"></param>
            <param name="artifactName"></param>
        </member>
        <member name="M:Microsoft.TeamFoundation.Build.WebApi.BuildHttpClientBase.GetArtifactContentZipAsync(System.Int32,System.String,System.Object,System.Threading.CancellationToken)">
            <summary>
            Gets a specific artifact for a build
            </summary>
            <param name="buildId"></param>
            <param name="artifactName"></param>
        </member>
        <member name="M:Microsoft.TeamFoundation.Build.WebApi.BuildHttpClientBase.GetArtifactContentZipAsync(System.String,System.Int32,System.String,System.Object,System.Threading.CancellationToken)">
            <summary>
            Gets a specific artifact for a build
            </summary>
            <param name="project">Project ID or project name</param>
            <param name="buildId"></param>
            <param name="artifactName"></param>
        </member>
        <member name="M:Microsoft.TeamFoundation.Build.WebApi.BuildHttpClientBase.GetArtifactContentZipAsync(System.Guid,System.Int32,System.String,System.Object,System.Threading.CancellationToken)">
            <summary>
            Gets a specific artifact for a build
            </summary>
            <param name="project">Project ID</param>
            <param name="buildId"></param>
            <param name="artifactName"></param>
        </member>
        <member name="M:Microsoft.TeamFoundation.Build.WebApi.BuildHttpClientBase.GetArtifactsAsync(System.Int32,System.Object,System.Threading.CancellationToken)">
            <summary>
            Gets all artifacts for a build
            </summary>
            <param name="buildId"></param>
        </member>
        <member name="M:Microsoft.TeamFoundation.Build.WebApi.BuildHttpClientBase.GetArtifactsAsync(System.String,System.Int32,System.Object,System.Threading.CancellationToken)">
            <summary>
            Gets all artifacts for a build
            </summary>
            <param name="project">Project ID or project name</param>
            <param name="buildId"></param>
        </member>
        <member name="M:Microsoft.TeamFoundation.Build.WebApi.BuildHttpClientBase.GetArtifactsAsync(System.Guid,System.Int32,System.Object,System.Threading.CancellationToken)">
            <summary>
            Gets all artifacts for a build
            </summary>
            <param name="project">Project ID</param>
            <param name="buildId"></param>
        </member>
        <member name="M:Microsoft.TeamFoundation.Build.WebApi.BuildHttpClientBase.GetBadgeAsync(System.Guid,System.Int32,System.String,System.Object,System.Threading.CancellationToken)">
             <summary>
            
             </summary>
             <param name="project"></param>
             <param name="definitionId"></param>
             <param name="branchName"></param>
        </member>
        <member name="M:Microsoft.TeamFoundation.Build.WebApi.BuildHttpClientBase.DeleteBuildAsync(System.Int32,System.Object,System.Threading.CancellationToken)">
            <summary>
            Deletes a build
            </summary>
            <param name="buildId"></param>
        </member>
        <member name="M:Microsoft.TeamFoundation.Build.WebApi.BuildHttpClientBase.DeleteBuildAsync(System.String,System.Int32,System.Object,System.Threading.CancellationToken)">
            <summary>
            Deletes a build
            </summary>
            <param name="project">Project ID or project name</param>
            <param name="buildId"></param>
        </member>
        <member name="M:Microsoft.TeamFoundation.Build.WebApi.BuildHttpClientBase.DeleteBuildAsync(System.Guid,System.Int32,System.Object,System.Threading.CancellationToken)">
            <summary>
            Deletes a build
            </summary>
            <param name="project">Project ID</param>
            <param name="buildId"></param>
        </member>
        <member name="M:Microsoft.TeamFoundation.Build.WebApi.BuildHttpClientBase.GetBuildAsync(System.String,System.Int32,System.String,System.Object,System.Threading.CancellationToken)">
            <summary>
            Gets a build
            </summary>
            <param name="project">Project ID or project name</param>
            <param name="buildId"></param>
            <param name="propertyFilters">A comma-delimited list of properties to include in the results</param>
        </member>
        <member name="M:Microsoft.TeamFoundation.Build.WebApi.BuildHttpClientBase.GetBuildAsync(System.Guid,System.Int32,System.String,System.Object,System.Threading.CancellationToken)">
            <summary>
            Gets a build
            </summary>
            <param name="project">Project ID</param>
            <param name="buildId"></param>
            <param name="propertyFilters">A comma-delimited list of properties to include in the results</param>
        </member>
        <member name="M:Microsoft.TeamFoundation.Build.WebApi.BuildHttpClientBase.GetBuildAsync(System.Int32,System.String,System.Object,System.Threading.CancellationToken)">
            <summary>
            Gets a build
            </summary>
            <param name="buildId"></param>
            <param name="propertyFilters">A comma-delimited list of properties to include in the results</param>
        </member>
        <member name="M:Microsoft.TeamFoundation.Build.WebApi.BuildHttpClientBase.GetBuildsAsync(System.String,System.Collections.Generic.IEnumerable{System.Int32},System.Collections.Generic.IEnumerable{System.Int32},System.String,System.Nullable{System.DateTime},System.Nullable{System.DateTime},System.String,System.Nullable{Microsoft.TeamFoundation.Build.WebApi.BuildReason},System.Nullable{Microsoft.TeamFoundation.Build.WebApi.BuildStatus},System.Nullable{Microsoft.TeamFoundation.Build.WebApi.BuildResult},System.Collections.Generic.IEnumerable{System.String},System.Collections.Generic.IEnumerable{System.String},System.Nullable{Microsoft.TeamFoundation.Build.WebApi.DefinitionType},System.Nullable{System.Int32},System.String,System.Nullable{System.Int32},System.Object,System.Threading.CancellationToken)">
            <summary>
            Gets builds
            </summary>
            <param name="project">Project ID or project name</param>
            <param name="definitions">A comma-delimited list of definition ids</param>
            <param name="queues">A comma-delimited list of queue ids</param>
            <param name="buildNumber"></param>
            <param name="minFinishTime"></param>
            <param name="maxFinishTime"></param>
            <param name="requestedFor"></param>
            <param name="reasonFilter"></param>
            <param name="statusFilter"></param>
            <param name="resultFilter"></param>
            <param name="tagFilters">A comma-delimited list of tags</param>
            <param name="properties">A comma-delimited list of properties to include in the results</param>
            <param name="type">The definition type</param>
            <param name="top">The maximum number of builds to retrieve</param>
            <param name="continuationToken"></param>
            <param name="maxBuildsPerDefinition"></param>
        </member>
        <member name="M:Microsoft.TeamFoundation.Build.WebApi.BuildHttpClientBase.GetBuildsAsync(System.Guid,System.Collections.Generic.IEnumerable{System.Int32},System.Collections.Generic.IEnumerable{System.Int32},System.String,System.Nullable{System.DateTime},System.Nullable{System.DateTime},System.String,System.Nullable{Microsoft.TeamFoundation.Build.WebApi.BuildReason},System.Nullable{Microsoft.TeamFoundation.Build.WebApi.BuildStatus},System.Nullable{Microsoft.TeamFoundation.Build.WebApi.BuildResult},System.Collections.Generic.IEnumerable{System.String},System.Collections.Generic.IEnumerable{System.String},System.Nullable{Microsoft.TeamFoundation.Build.WebApi.DefinitionType},System.Nullable{System.Int32},System.String,System.Nullable{System.Int32},System.Object,System.Threading.CancellationToken)">
            <summary>
            Gets builds
            </summary>
            <param name="project">Project ID</param>
            <param name="definitions">A comma-delimited list of definition ids</param>
            <param name="queues">A comma-delimited list of queue ids</param>
            <param name="buildNumber"></param>
            <param name="minFinishTime"></param>
            <param name="maxFinishTime"></param>
            <param name="requestedFor"></param>
            <param name="reasonFilter"></param>
            <param name="statusFilter"></param>
            <param name="resultFilter"></param>
            <param name="tagFilters">A comma-delimited list of tags</param>
            <param name="properties">A comma-delimited list of properties to include in the results</param>
            <param name="type">The definition type</param>
            <param name="top">The maximum number of builds to retrieve</param>
            <param name="continuationToken"></param>
            <param name="maxBuildsPerDefinition"></param>
        </member>
        <member name="M:Microsoft.TeamFoundation.Build.WebApi.BuildHttpClientBase.GetBuildsAsync(System.Collections.Generic.IEnumerable{System.Int32},System.Collections.Generic.IEnumerable{System.Int32},System.String,System.Nullable{System.DateTime},System.Nullable{System.DateTime},System.String,System.Nullable{Microsoft.TeamFoundation.Build.WebApi.BuildReason},System.Nullable{Microsoft.TeamFoundation.Build.WebApi.BuildStatus},System.Nullable{Microsoft.TeamFoundation.Build.WebApi.BuildResult},System.Collections.Generic.IEnumerable{System.String},System.Collections.Generic.IEnumerable{System.String},System.Nullable{Microsoft.TeamFoundation.Build.WebApi.DefinitionType},System.Nullable{System.Int32},System.String,System.Nullable{System.Int32},System.Object,System.Threading.CancellationToken)">
            <summary>
            Gets builds
            </summary>
            <param name="definitions">A comma-delimited list of definition ids</param>
            <param name="queues">A comma-delimited list of queue ids</param>
            <param name="buildNumber"></param>
            <param name="minFinishTime"></param>
            <param name="maxFinishTime"></param>
            <param name="requestedFor"></param>
            <param name="reasonFilter"></param>
            <param name="statusFilter"></param>
            <param name="resultFilter"></param>
            <param name="tagFilters">A comma-delimited list of tags</param>
            <param name="properties">A comma-delimited list of properties to include in the results</param>
            <param name="type">The definition type</param>
            <param name="top">The maximum number of builds to retrieve</param>
            <param name="continuationToken"></param>
            <param name="maxBuildsPerDefinition"></param>
        </member>
        <member name="M:Microsoft.TeamFoundation.Build.WebApi.BuildHttpClientBase.QueueBuildAsync(Microsoft.TeamFoundation.Build.WebApi.Build,System.Nullable{System.Boolean},System.Object,System.Threading.CancellationToken)">
            <summary>
            Queues a build
            </summary>
            <param name="build"></param>
            <param name="ignoreWarnings"></param>
        </member>
        <member name="M:Microsoft.TeamFoundation.Build.WebApi.BuildHttpClientBase.QueueBuildAsync(Microsoft.TeamFoundation.Build.WebApi.Build,System.String,System.Nullable{System.Boolean},System.Object,System.Threading.CancellationToken)">
            <summary>
            Queues a build
            </summary>
            <param name="build"></param>
            <param name="project">Project ID or project name</param>
            <param name="ignoreWarnings"></param>
        </member>
        <member name="M:Microsoft.TeamFoundation.Build.WebApi.BuildHttpClientBase.QueueBuildAsync(Microsoft.TeamFoundation.Build.WebApi.Build,System.Guid,System.Nullable{System.Boolean},System.Object,System.Threading.CancellationToken)">
            <summary>
            Queues a build
            </summary>
            <param name="build"></param>
            <param name="project">Project ID</param>
            <param name="ignoreWarnings"></param>
        </member>
        <member name="M:Microsoft.TeamFoundation.Build.WebApi.BuildHttpClientBase.UpdateBuildAsync(Microsoft.TeamFoundation.Build.WebApi.Build,System.Int32,System.Object,System.Threading.CancellationToken)">
            <summary>
            Updates a build
            </summary>
            <param name="build"></param>
            <param name="buildId"></param>
        </member>
        <member name="M:Microsoft.TeamFoundation.Build.WebApi.BuildHttpClientBase.UpdateBuildAsync(Microsoft.TeamFoundation.Build.WebApi.Build,System.String,System.Int32,System.Object,System.Threading.CancellationToken)">
            <summary>
            Updates a build
            </summary>
            <param name="build"></param>
            <param name="project">Project ID or project name</param>
            <param name="buildId"></param>
        </member>
        <member name="M:Microsoft.TeamFoundation.Build.WebApi.BuildHttpClientBase.UpdateBuildAsync(Microsoft.TeamFoundation.Build.WebApi.Build,System.Guid,System.Int32,System.Object,System.Threading.CancellationToken)">
            <summary>
            Updates a build
            </summary>
            <param name="build"></param>
            <param name="project">Project ID</param>
            <param name="buildId"></param>
        </member>
        <member name="M:Microsoft.TeamFoundation.Build.WebApi.BuildHttpClientBase.GetBuildCommitsAsync(System.String,System.Int32,System.Nullable{System.Int32},System.Object,System.Threading.CancellationToken)">
            <summary>
            Gets the changes associated with a build
            </summary>
            <param name="project">Project ID or project name</param>
            <param name="buildId"></param>
            <param name="top">The maximum number of changes to return</param>
        </member>
        <member name="M:Microsoft.TeamFoundation.Build.WebApi.BuildHttpClientBase.GetBuildCommitsAsync(System.Guid,System.Int32,System.Nullable{System.Int32},System.Object,System.Threading.CancellationToken)">
            <summary>
            Gets the changes associated with a build
            </summary>
            <param name="project">Project ID</param>
            <param name="buildId"></param>
            <param name="top">The maximum number of changes to return</param>
        </member>
        <member name="M:Microsoft.TeamFoundation.Build.WebApi.BuildHttpClientBase.GetBuildControllerAsync(System.Int32,System.Object,System.Threading.CancellationToken)">
            <summary>
            Gets a controller
            </summary>
            <param name="controllerId"></param>
        </member>
        <member name="M:Microsoft.TeamFoundation.Build.WebApi.BuildHttpClientBase.GetBuildControllersAsync(System.String,System.Object,System.Threading.CancellationToken)">
            <summary>
            Gets controller, optionally filtered by name
            </summary>
            <param name="name"></param>
        </member>
        <member name="M:Microsoft.TeamFoundation.Build.WebApi.BuildHttpClientBase.CreateDefinitionAsync(Microsoft.TeamFoundation.Build.WebApi.BuildDefinition,System.Nullable{System.Int32},System.Nullable{System.Int32},System.Object,System.Threading.CancellationToken)">
            <summary>
            Creates a new definition
            </summary>
            <param name="definition"></param>
            <param name="definitionToCloneId"></param>
            <param name="definitionToCloneRevision"></param>
        </member>
        <member name="M:Microsoft.TeamFoundation.Build.WebApi.BuildHttpClientBase.CreateDefinitionAsync(Microsoft.TeamFoundation.Build.WebApi.BuildDefinition,System.String,System.Nullable{System.Int32},System.Nullable{System.Int32},System.Object,System.Threading.CancellationToken)">
            <summary>
            Creates a new definition
            </summary>
            <param name="definition"></param>
            <param name="project">Project ID or project name</param>
            <param name="definitionToCloneId"></param>
            <param name="definitionToCloneRevision"></param>
        </member>
        <member name="M:Microsoft.TeamFoundation.Build.WebApi.BuildHttpClientBase.CreateDefinitionAsync(Microsoft.TeamFoundation.Build.WebApi.BuildDefinition,System.Guid,System.Nullable{System.Int32},System.Nullable{System.Int32},System.Object,System.Threading.CancellationToken)">
            <summary>
            Creates a new definition
            </summary>
            <param name="definition"></param>
            <param name="project">Project ID</param>
            <param name="definitionToCloneId"></param>
            <param name="definitionToCloneRevision"></param>
        </member>
        <member name="M:Microsoft.TeamFoundation.Build.WebApi.BuildHttpClientBase.DeleteDefinitionAsync(System.Int32,System.Object,System.Threading.CancellationToken)">
            <summary>
            Deletes a definition and all associated builds
            </summary>
            <param name="definitionId"></param>
        </member>
        <member name="M:Microsoft.TeamFoundation.Build.WebApi.BuildHttpClientBase.DeleteDefinitionAsync(System.String,System.Int32,System.Object,System.Threading.CancellationToken)">
            <summary>
            Deletes a definition and all associated builds
            </summary>
            <param name="project">Project ID or project name</param>
            <param name="definitionId"></param>
        </member>
        <member name="M:Microsoft.TeamFoundation.Build.WebApi.BuildHttpClientBase.DeleteDefinitionAsync(System.Guid,System.Int32,System.Object,System.Threading.CancellationToken)">
            <summary>
            Deletes a definition and all associated builds
            </summary>
            <param name="project">Project ID</param>
            <param name="definitionId"></param>
        </member>
        <member name="M:Microsoft.TeamFoundation.Build.WebApi.BuildHttpClientBase.GetDefinitionAsync(System.String,System.Int32,System.Nullable{System.Int32},System.Collections.Generic.IEnumerable{System.String},System.Object,System.Threading.CancellationToken)">
            <summary>
            Gets a definition, optionally at a specific revision
            </summary>
            <param name="project">Project ID or project name</param>
            <param name="definitionId"></param>
            <param name="revision"></param>
            <param name="propertyFilters"></param>
        </member>
        <member name="M:Microsoft.TeamFoundation.Build.WebApi.BuildHttpClientBase.GetDefinitionAsync(System.Guid,System.Int32,System.Nullable{System.Int32},System.Collections.Generic.IEnumerable{System.String},System.Object,System.Threading.CancellationToken)">
            <summary>
            Gets a definition, optionally at a specific revision
            </summary>
            <param name="project">Project ID</param>
            <param name="definitionId"></param>
            <param name="revision"></param>
            <param name="propertyFilters"></param>
        </member>
        <member name="M:Microsoft.TeamFoundation.Build.WebApi.BuildHttpClientBase.GetDefinitionAsync(System.Int32,System.Nullable{System.Int32},System.Collections.Generic.IEnumerable{System.String},System.Object,System.Threading.CancellationToken)">
            <summary>
            Gets a definition, optionally at a specific revision
            </summary>
            <param name="definitionId"></param>
            <param name="revision"></param>
            <param name="propertyFilters"></param>
        </member>
        <member name="M:Microsoft.TeamFoundation.Build.WebApi.BuildHttpClientBase.GetDefinitionsAsync(System.String,System.String,System.Nullable{Microsoft.TeamFoundation.Build.WebApi.DefinitionType},System.Object,System.Threading.CancellationToken)">
            <summary>
            Gets definitions, optionally filtered by name
            </summary>
            <param name="project">Project ID or project name</param>
            <param name="name"></param>
            <param name="type"></param>
        </member>
        <member name="M:Microsoft.TeamFoundation.Build.WebApi.BuildHttpClientBase.GetDefinitionsAsync(System.Guid,System.String,System.Nullable{Microsoft.TeamFoundation.Build.WebApi.DefinitionType},System.Object,System.Threading.CancellationToken)">
            <summary>
            Gets definitions, optionally filtered by name
            </summary>
            <param name="project">Project ID</param>
            <param name="name"></param>
            <param name="type"></param>
        </member>
        <member name="M:Microsoft.TeamFoundation.Build.WebApi.BuildHttpClientBase.GetDefinitionsAsync(System.String,System.Nullable{Microsoft.TeamFoundation.Build.WebApi.DefinitionType},System.Object,System.Threading.CancellationToken)">
            <summary>
            Gets definitions, optionally filtered by name
            </summary>
            <param name="name"></param>
            <param name="type"></param>
        </member>
        <member name="M:Microsoft.TeamFoundation.Build.WebApi.BuildHttpClientBase.UpdateDefinitionAsync(Microsoft.TeamFoundation.Build.WebApi.BuildDefinition,System.Int32,System.Object,System.Threading.CancellationToken)">
            <summary>
            Updates an existing definition
            </summary>
            <param name="definition"></param>
            <param name="definitionId"></param>
        </member>
        <member name="M:Microsoft.TeamFoundation.Build.WebApi.BuildHttpClientBase.UpdateDefinitionAsync(Microsoft.TeamFoundation.Build.WebApi.BuildDefinition,System.String,System.Int32,System.Object,System.Threading.CancellationToken)">
            <summary>
            Updates an existing definition
            </summary>
            <param name="definition"></param>
            <param name="project">Project ID or project name</param>
            <param name="definitionId"></param>
        </member>
        <member name="M:Microsoft.TeamFoundation.Build.WebApi.BuildHttpClientBase.UpdateDefinitionAsync(Microsoft.TeamFoundation.Build.WebApi.BuildDefinition,System.Guid,System.Int32,System.Object,System.Threading.CancellationToken)">
            <summary>
            Updates an existing definition
            </summary>
            <param name="definition"></param>
            <param name="project">Project ID</param>
            <param name="definitionId"></param>
        </member>
        <member name="M:Microsoft.TeamFoundation.Build.WebApi.BuildHttpClientBase.GetBuildDeploymentsAsync(System.String,System.Int32,System.Object,System.Threading.CancellationToken)">
            <summary>
            Gets the deployment information associated with a build
            </summary>
            <param name="project">Project ID or project name</param>
            <param name="buildId"></param>
        </member>
        <member name="M:Microsoft.TeamFoundation.Build.WebApi.BuildHttpClientBase.GetBuildDeploymentsAsync(System.Guid,System.Int32,System.Object,System.Threading.CancellationToken)">
            <summary>
            Gets the deployment information associated with a build
            </summary>
            <param name="project">Project ID</param>
            <param name="buildId"></param>
        </member>
        <member name="M:Microsoft.TeamFoundation.Build.WebApi.BuildHttpClientBase.GetBuildLogAsync(System.String,System.Int32,System.Int32,System.Nullable{System.Int64},System.Nullable{System.Int64},System.Object,System.Threading.CancellationToken)">
            <summary>
            Gets a log
            </summary>
            <param name="project">Project ID or project name</param>
            <param name="buildId"></param>
            <param name="logId"></param>
            <param name="startLine"></param>
            <param name="endLine"></param>
        </member>
        <member name="M:Microsoft.TeamFoundation.Build.WebApi.BuildHttpClientBase.GetBuildLogAsync(System.Guid,System.Int32,System.Int32,System.Nullable{System.Int64},System.Nullable{System.Int64},System.Object,System.Threading.CancellationToken)">
            <summary>
            Gets a log
            </summary>
            <param name="project">Project ID</param>
            <param name="buildId"></param>
            <param name="logId"></param>
            <param name="startLine"></param>
            <param name="endLine"></param>
        </member>
        <member name="M:Microsoft.TeamFoundation.Build.WebApi.BuildHttpClientBase.GetBuildLogsAsync(System.String,System.Int32,System.Object,System.Threading.CancellationToken)">
            <summary>
            Gets logs for a build
            </summary>
            <param name="project">Project ID or project name</param>
            <param name="buildId"></param>
        </member>
        <member name="M:Microsoft.TeamFoundation.Build.WebApi.BuildHttpClientBase.GetBuildLogsAsync(System.Guid,System.Int32,System.Object,System.Threading.CancellationToken)">
            <summary>
            Gets logs for a build
            </summary>
            <param name="project">Project ID</param>
            <param name="buildId"></param>
        </member>
        <member name="M:Microsoft.TeamFoundation.Build.WebApi.BuildHttpClientBase.GetBuildLogsZipAsync(System.String,System.Int32,System.Object,System.Threading.CancellationToken)">
            <summary>
            Gets logs for a build
            </summary>
            <param name="project">Project ID or project name</param>
            <param name="buildId"></param>
        </member>
        <member name="M:Microsoft.TeamFoundation.Build.WebApi.BuildHttpClientBase.GetBuildLogsZipAsync(System.Guid,System.Int32,System.Object,System.Threading.CancellationToken)">
            <summary>
            Gets logs for a build
            </summary>
            <param name="project">Project ID</param>
            <param name="buildId"></param>
        </member>
        <member name="M:Microsoft.TeamFoundation.Build.WebApi.BuildHttpClientBase.GetBuildOptionDefinitionsAsync(System.Object,System.Threading.CancellationToken)">
             <summary>
            
             </summary>
        </member>
        <member name="M:Microsoft.TeamFoundation.Build.WebApi.BuildHttpClientBase.CreateQueueAsync(Microsoft.TeamFoundation.Build.WebApi.AgentPoolQueue,System.Object,System.Threading.CancellationToken)">
            <summary>
            Creates a build queue
            </summary>
            <param name="queue"></param>
        </member>
        <member name="M:Microsoft.TeamFoundation.Build.WebApi.BuildHttpClientBase.DeleteQueueAsync(System.Int32,System.Object,System.Threading.CancellationToken)">
            <summary>
            Deletes a build queue
            </summary>
            <param name="id"></param>
        </member>
        <member name="M:Microsoft.TeamFoundation.Build.WebApi.BuildHttpClientBase.GetAgentPoolQueueAsync(System.Int32,System.Object,System.Threading.CancellationToken)">
            <summary>
            Gets a queue
            </summary>
            <param name="controllerId"></param>
        </member>
        <member name="M:Microsoft.TeamFoundation.Build.WebApi.BuildHttpClientBase.GetQueuesAsync(System.String,System.Object,System.Threading.CancellationToken)">
            <summary>
            Gets queues, optionally filtered by name
            </summary>
            <param name="name"></param>
        </member>
        <member name="M:Microsoft.TeamFoundation.Build.WebApi.BuildHttpClientBase.GetDefinitionRevisionsAsync(System.String,System.Int32,System.Object,System.Threading.CancellationToken)">
            <summary>
            Gets revisions of a definition
            </summary>
            <param name="project">Project ID or project name</param>
            <param name="definitionId"></param>
        </member>
        <member name="M:Microsoft.TeamFoundation.Build.WebApi.BuildHttpClientBase.GetDefinitionRevisionsAsync(System.Guid,System.Int32,System.Object,System.Threading.CancellationToken)">
            <summary>
            Gets revisions of a definition
            </summary>
            <param name="project">Project ID</param>
            <param name="definitionId"></param>
        </member>
        <member name="M:Microsoft.TeamFoundation.Build.WebApi.BuildHttpClientBase.GetBuildSettingsAsync(System.Object,System.Threading.CancellationToken)">
             <summary>
            
             </summary>
        </member>
        <member name="M:Microsoft.TeamFoundation.Build.WebApi.BuildHttpClientBase.UpdateBuildSettingsAsync(Microsoft.TeamFoundation.Build.WebApi.BuildSettings,System.Object,System.Threading.CancellationToken)">
            <summary>
            Updates the build settings
            </summary>
            <param name="settings"></param>
        </member>
        <member name="M:Microsoft.TeamFoundation.Build.WebApi.BuildHttpClientBase.AddBuildTagAsync(System.String,System.Int32,System.String,System.Object,System.Threading.CancellationToken)">
            <summary>
            Adds a tag to a build
            </summary>
            <param name="project">Project ID or project name</param>
            <param name="buildId"></param>
            <param name="tag"></param>
        </member>
        <member name="M:Microsoft.TeamFoundation.Build.WebApi.BuildHttpClientBase.AddBuildTagAsync(System.Guid,System.Int32,System.String,System.Object,System.Threading.CancellationToken)">
            <summary>
            Adds a tag to a build
            </summary>
            <param name="project">Project ID</param>
            <param name="buildId"></param>
            <param name="tag"></param>
        </member>
        <member name="M:Microsoft.TeamFoundation.Build.WebApi.BuildHttpClientBase.AddBuildTagsAsync(System.Collections.Generic.IEnumerable{System.String},System.String,System.Int32,System.Object,System.Threading.CancellationToken)">
            <summary>
            Adds tag to a build
            </summary>
            <param name="tags"></param>
            <param name="project">Project ID or project name</param>
            <param name="buildId"></param>
        </member>
        <member name="M:Microsoft.TeamFoundation.Build.WebApi.BuildHttpClientBase.AddBuildTagsAsync(System.Collections.Generic.IEnumerable{System.String},System.Guid,System.Int32,System.Object,System.Threading.CancellationToken)">
            <summary>
            Adds tag to a build
            </summary>
            <param name="tags"></param>
            <param name="project">Project ID</param>
            <param name="buildId"></param>
        </member>
        <member name="M:Microsoft.TeamFoundation.Build.WebApi.BuildHttpClientBase.DeleteBuildTagAsync(System.String,System.Int32,System.String,System.Object,System.Threading.CancellationToken)">
            <summary>
            Deletes a tag from a build
            </summary>
            <param name="project">Project ID or project name</param>
            <param name="buildId"></param>
            <param name="tag"></param>
        </member>
        <member name="M:Microsoft.TeamFoundation.Build.WebApi.BuildHttpClientBase.DeleteBuildTagAsync(System.Guid,System.Int32,System.String,System.Object,System.Threading.CancellationToken)">
            <summary>
            Deletes a tag from a build
            </summary>
            <param name="project">Project ID</param>
            <param name="buildId"></param>
            <param name="tag"></param>
        </member>
        <member name="M:Microsoft.TeamFoundation.Build.WebApi.BuildHttpClientBase.GetBuildTagsAsync(System.String,System.Int32,System.Object,System.Threading.CancellationToken)">
            <summary>
            Gets the tags for a build
            </summary>
            <param name="project">Project ID or project name</param>
            <param name="buildId"></param>
        </member>
        <member name="M:Microsoft.TeamFoundation.Build.WebApi.BuildHttpClientBase.GetBuildTagsAsync(System.Guid,System.Int32,System.Object,System.Threading.CancellationToken)">
            <summary>
            Gets the tags for a build
            </summary>
            <param name="project">Project ID</param>
            <param name="buildId"></param>
        </member>
        <member name="M:Microsoft.TeamFoundation.Build.WebApi.BuildHttpClientBase.GetTagsAsync(System.String,System.Object,System.Threading.CancellationToken)">
             <summary>
            
             </summary>
             <param name="project">Project ID or project name</param>
        </member>
        <member name="M:Microsoft.TeamFoundation.Build.WebApi.BuildHttpClientBase.GetTagsAsync(System.Guid,System.Object,System.Threading.CancellationToken)">
             <summary>
            
             </summary>
             <param name="project">Project ID</param>
        </member>
        <member name="M:Microsoft.TeamFoundation.Build.WebApi.BuildHttpClientBase.DeleteTemplateAsync(System.String,System.String,System.Object,System.Threading.CancellationToken)">
            <summary>
            Deletes a definition template
            </summary>
            <param name="project">Project ID or project name</param>
            <param name="templateId"></param>
        </member>
        <member name="M:Microsoft.TeamFoundation.Build.WebApi.BuildHttpClientBase.DeleteTemplateAsync(System.Guid,System.String,System.Object,System.Threading.CancellationToken)">
            <summary>
            Deletes a definition template
            </summary>
            <param name="project">Project ID</param>
            <param name="templateId"></param>
        </member>
        <member name="M:Microsoft.TeamFoundation.Build.WebApi.BuildHttpClientBase.GetTemplateAsync(System.String,System.String,System.Object,System.Threading.CancellationToken)">
            <summary>
            Gets definition template filtered by id
            </summary>
            <param name="project">Project ID or project name</param>
            <param name="templateId"></param>
        </member>
        <member name="M:Microsoft.TeamFoundation.Build.WebApi.BuildHttpClientBase.GetTemplateAsync(System.Guid,System.String,System.Object,System.Threading.CancellationToken)">
            <summary>
            Gets definition template filtered by id
            </summary>
            <param name="project">Project ID</param>
            <param name="templateId"></param>
        </member>
        <member name="M:Microsoft.TeamFoundation.Build.WebApi.BuildHttpClientBase.GetTemplatesAsync(System.String,System.Object,System.Threading.CancellationToken)">
             <summary>
            
             </summary>
             <param name="project">Project ID or project name</param>
        </member>
        <member name="M:Microsoft.TeamFoundation.Build.WebApi.BuildHttpClientBase.GetTemplatesAsync(System.Guid,System.Object,System.Threading.CancellationToken)">
             <summary>
            
             </summary>
             <param name="project">Project ID</param>
        </member>
        <member name="M:Microsoft.TeamFoundation.Build.WebApi.BuildHttpClientBase.SaveTemplateAsync(Microsoft.TeamFoundation.Build.WebApi.BuildDefinitionTemplate,System.String,System.String,System.Object,System.Threading.CancellationToken)">
            <summary>
            Saves a definition template
            </summary>
            <param name="template"></param>
            <param name="project">Project ID or project name</param>
            <param name="templateId"></param>
        </member>
        <member name="M:Microsoft.TeamFoundation.Build.WebApi.BuildHttpClientBase.SaveTemplateAsync(Microsoft.TeamFoundation.Build.WebApi.BuildDefinitionTemplate,System.Guid,System.String,System.Object,System.Threading.CancellationToken)">
            <summary>
            Saves a definition template
            </summary>
            <param name="template"></param>
            <param name="project">Project ID</param>
            <param name="templateId"></param>
        </member>
        <member name="M:Microsoft.TeamFoundation.Build.WebApi.BuildHttpClientBase.GetBuildTimelineAsync(System.String,System.Int32,System.Nullable{System.Guid},System.Nullable{System.Int32},System.Object,System.Threading.CancellationToken)">
            <summary>
            Gets details for a build
            </summary>
            <param name="project">Project ID or project name</param>
            <param name="buildId"></param>
            <param name="timelineId"></param>
            <param name="changeId"></param>
        </member>
        <member name="M:Microsoft.TeamFoundation.Build.WebApi.BuildHttpClientBase.GetBuildTimelineAsync(System.Guid,System.Int32,System.Nullable{System.Guid},System.Nullable{System.Int32},System.Object,System.Threading.CancellationToken)">
            <summary>
            Gets details for a build
            </summary>
            <param name="project">Project ID</param>
            <param name="buildId"></param>
            <param name="timelineId"></param>
            <param name="changeId"></param>
        </member>
        <member name="M:Microsoft.TeamFoundation.Build.WebApi.BuildHttpClientBase.GetBuildWorkItemsRefsAsync(System.Collections.Generic.IEnumerable{System.String},System.String,System.Int32,System.Nullable{System.Int32},System.Object,System.Threading.CancellationToken)">
            <summary>
            Gets the work item ids associated with a build commits
            </summary>
            <param name="commitIds"></param>
            <param name="project">Project ID or project name</param>
            <param name="buildId"></param>
            <param name="top">The maximum number of workitems to return, also number of commits to consider if commitids are not sent</param>
        </member>
        <member name="M:Microsoft.TeamFoundation.Build.WebApi.BuildHttpClientBase.GetBuildWorkItemsRefsAsync(System.Collections.Generic.IEnumerable{System.String},System.Guid,System.Int32,System.Nullable{System.Int32},System.Object,System.Threading.CancellationToken)">
            <summary>
            Gets the work item ids associated with a build commits
            </summary>
            <param name="commitIds"></param>
            <param name="project">Project ID</param>
            <param name="buildId"></param>
            <param name="top">The maximum number of workitems to return, also number of commits to consider if commitids are not sent</param>
        </member>
        <member name="F:Microsoft.TeamFoundation.Build.WebApi.WellKnownArtifactResourceTypes.FilePath">
            <summary>
            UNC or local folder path
            E.g. \\vscsstor\CIDrops\CloudU.Gated\140317.115955 or file://vscsstor/CIDrops/CloudU.Gated/140317.115955
            </summary>
        </member>
        <member name="F:Microsoft.TeamFoundation.Build.WebApi.WellKnownArtifactResourceTypes.VersionControl">
            <summary>
            TF VC server folder path
            E.g. $/Dev1/Drops/CloudU.Gated/140317.115955
            </summary>
        </member>
        <member name="F:Microsoft.TeamFoundation.Build.WebApi.WellKnownArtifactResourceTypes.Container">
            <summary>
            Build container reference
            E.g. #/2121/drop
            </summary>
        </member>
    </members>
</doc>
