<?xml version="1.0"?>
<Configuration xmlns:xsi="http://www.w3.org/2001/XMLSchema-instance" xmlns:xsd="http://www.w3.org/2001/XMLSchema" UniqueId="ca7fa3b3-7770-4193-aa9b-cfff8540d330" FriendlyName="TFS to TFS Version Control and Work Item Tracking with Links - ScanNet v4.0 - Production">
  <Providers>
    <Provider ReferenceName="4cc33b2b-4b76-451f-8c2c-d86a3846d6d2" FriendlyName="TFS 11 Migration VC Provider" />
    <Provider ReferenceName="b84b30dd-1496-462a-bd9d-5a078a617779" FriendlyName="TFS 11 Migration WIT Provider" />
  </Providers>
  <Addins />
  <SessionGroup CreationTime="2014-12-01T20:48:45.39-06:00" FriendlyName="TFS to TFS Version Control and Work Item Tracking with Links - ScanNet v4.0 - Production" SessionGroupGUID="be71d54b-93ff-46b5-899f-3f8fb259447f" Creator="ARCHON-TECH\TFSSETUP" SyncIntervalInSeconds="0" SyncDurationInMinutes="0">
    <MigrationSources>
      <MigrationSource InternalUniqueId="377dabe8-c83f-4b53-a108-05d74e95e4f0" FriendlyName="tfs13 (VC)" ServerIdentifier="cca4c6a6-ba73-407b-8870-7fa74c3242b2" ServerUrl="http://tfs13:8080/tfs/parkingtemp" SourceIdentifier="ScanNet" ProviderReferenceName="4cc33b2b-4b76-451f-8c2c-d86a3846d6d2">
        <Settings>
          <Addins />
          <UserIdentityLookup />
          <DefaultUserIdProperty UserIdPropertyName="DisplayName" />
        </Settings>
        <CustomSettings />
        <StoredCredential />
      </MigrationSource>
      <MigrationSource InternalUniqueId="dd17b927-c8d1-4c05-ab0e-3e9eb72088cb" FriendlyName="tfs13 (VC)" ServerIdentifier="82aee1a4-29ca-4a8b-a5b4-216cdcaaacbb" ServerUrl="http://tfs13:8080/tfs/parking" SourceIdentifier="ScanNet" ProviderReferenceName="4cc33b2b-4b76-451f-8c2c-d86a3846d6d2">
        <Settings>
          <Addins />
          <UserIdentityLookup />
          <DefaultUserIdProperty UserIdPropertyName="DisplayName" />
        </Settings>
        <CustomSettings />
        <StoredCredential />
      </MigrationSource>
      <MigrationSource InternalUniqueId="ab069b09-76b1-46f8-8167-b56479112fa6" FriendlyName="tfs13 (WIT)" ServerIdentifier="cca4c6a6-ba73-407b-8870-7fa74c3242b2" ServerUrl="http://tfs13:8080/tfs/parkingtemp" SourceIdentifier="ScanNet" ProviderReferenceName="b84b30dd-1496-462a-bd9d-5a078a617779">
        <Settings>
          <Addins />
          <UserIdentityLookup />
          <DefaultUserIdProperty UserIdPropertyName="DisplayName" />
        </Settings>
        <CustomSettings />
        <StoredCredential />
      </MigrationSource>
      <MigrationSource InternalUniqueId="f67b17ee-d05b-4d43-97c4-41200bdf1c12" FriendlyName="tfs13 (WIT)" ServerIdentifier="82aee1a4-29ca-4a8b-a5b4-216cdcaaacbb" ServerUrl="http://tfs13:8080/tfs/parking" SourceIdentifier="ScanNet" ProviderReferenceName="b84b30dd-1496-462a-bd9d-5a078a617779">
        <Settings>
          <Addins />
          <UserIdentityLookup />
          <DefaultUserIdProperty UserIdPropertyName="DisplayName" />
        </Settings>
        <CustomSettings />
        <StoredCredential />
      </MigrationSource>
    </MigrationSources>
    <Sessions>
      <Session CreationTime="2014-12-01T20:48:45.377-06:00" SessionUniqueId="dfd34647-33de-4924-bb04-39c9df66d671" FriendlyName="Version Control Session" LeftMigrationSourceUniqueId="377dabe8-c83f-4b53-a108-05d74e95e4f0" RightMigrationSourceUniqueId="dd17b927-c8d1-4c05-ab0e-3e9eb72088cb" SessionType="VersionControl">
        <EventSinks />
        <CustomSettings>
          <SettingXml />
          <SettingXmlSchema />
        </CustomSettings>
        <Filters>
          <FilterPair Neglect="false">
            <FilterItem MigrationSourceUniqueId="377dabe8-c83f-4b53-a108-05d74e95e4f0" FilterString="$/ScanNet" />
            <FilterItem MigrationSourceUniqueId="dd17b927-c8d1-4c05-ab0e-3e9eb72088cb" FilterString="$/ScanNet" />
          </FilterPair>
        </Filters>
      </Session>
      <Session CreationTime="2014-12-01T20:48:45.39-06:00" SessionUniqueId="3b730829-f39f-4db0-8584-d540d0d5f79d" FriendlyName="Work Item Tracking Session" LeftMigrationSourceUniqueId="ab069b09-76b1-46f8-8167-b56479112fa6" RightMigrationSourceUniqueId="f67b17ee-d05b-4d43-97c4-41200bdf1c12" SessionType="WorkItemTracking">
        <EventSinks />
        <CustomSettings>
          <SettingXml>
            <WITSessionCustomSetting>
              <Settings />
              <WorkItemTypes>
                <!-- Map only Bug to Bug 
                <WorkItemType LeftWorkItemTypeName="Bug" RightWorkItemTypeName="Bug" fieldMap="@@ALL@@" />
                -->
              </WorkItemTypes>
              <FieldMaps />
              <ValueMaps />
            </WITSessionCustomSetting>
          </SettingXml>
          <SettingXmlSchema />
        </CustomSettings>
        <Filters>
          <FilterPair Neglect="false">
            <FilterItem MigrationSourceUniqueId="ab069b09-76b1-46f8-8167-b56479112fa6" FilterString="[System.AreaPath] UNDER 'ScanNet'" />
            <FilterItem MigrationSourceUniqueId="f67b17ee-d05b-4d43-97c4-41200bdf1c12" FilterString="[System.Id] = 0" />
          </FilterPair>
        </Filters>
      </Session>
    </Sessions>
    <Linking>
      <CustomSettings />
      <LinkTypeMappings />
    </Linking>
    <WorkFlowType Frequency="ContinuousManual" DirectionOfFlow="Unidirectional" SyncContext="Disabled" />
    <CustomSettings />
    <UserIdentityMappings EnableValidation="false">
      <UserIdentityLookupAddins />
    </UserIdentityMappings>
    <ErrorManagement>
      <ErrorRouters />
      <ReportingSettings />
    </ErrorManagement>
  </SessionGroup>
</Configuration>